{
  "RdxType": {
    "EntityType": "Instrument",
    "EntitySubtype": "FixedIncome"
  },
  "Status": "Active",
  "RdxChangeId": 3666983,
  "Facets": {
    "AmortisationScheduleEntry": [],
    "Analytics": [
      {
        "AnalyticDate": "2011-03-12",
        "MtgeAmountOutstandingPerFace": null,
        "MortgageFaceAmount": null,
        "OutstandingAmount": 0.0000000000,
        "CurrentFactor": 0.0000000000,
        "CreditScoreWeightedAvg": null,
        "WeightedAverageCoupon": null,
        "WAT2M": null,
        "MTGFactSettle": null,
        "MtgeFactorNumericDate": null,
        "AnalyticProvider": null,
        "WeightedAverageLife": null
      }
    ],
    "AssetBackedSecurity": [
      {
        "AssetPoolGroup": null,
        "AssetPoolSeries": null,
        "OriginalCreditSupportPercentage": null,
        "PoolCPR3Months": null,
        "CRD122AEligible": null,
        "CurrentCreditSupportPercentage": null,
        "DelinqAbove60DaysPercentage": null,
        "GranularPool": null,
        "IsMortgageBacked": false,
        "MortgageDealName": null,
        "MortgageCMOClass": "M7",
        "IsMortgagePaidOff": null,
        "MortgageOriginalDealBalance": null,
        "ConditionalDefaultRate3M": null,
        "LossSeverityHistorical3M": null,
        "MortgagePoolNumber": null,
        "RetentionMethod122A": null,
        "TrancheTypeDescription": null,
        "PercentageLoansLimitedDocument": null,
        "USAgencyIssuedIndicator": null,
        "WeightedAverageCoupon": null,
        "CreditScoreWeightedAvg": null,
        "WeightedAverageLoanAge": null,
        "WeightedAverageOriginalLoantoValue": null,
        "PoolOriginalMaturity": null
      }
    ],
    "Bond": [
      {
        "ARMInitialFixedPeriodinMonths": null,
        "BondRecoveryRate": null,
        "BenchmarkBondIdentifier": null,
        "SeriesOfBond": null,
        "IsCallable": true,
        "BondCalledIndicator": null,
        "CFICode": null,
        "CalledPrice": null,
        "IsConvertible": null,
        "ConvStartDate": null,
        "CurrentPercentageAnnuityPayment": null,
        "IsExchangeable": null,
        "FirstPaymentDate": null,
        "FixToFloatChangeIndicator": null,
        "InflationLag": null,
        "InflationLagPeriod": null,
        "IsAssetBackedSecurity": false,
        "IsBearerBond": null,
        "IsBrady": null,
        "IsCapitalContingent": null,
        "CollectiveActionClause": null,
        "ContingentConversion": null,
        "DirtyCleanIndicator": null,
        "IsCovered": null,
        "CreditLinkedIndicator": null,
        "IsCurrentGovernmentBond": null,
        "DimSumBondIndicator": null,
        "EMTNIndicator": null,
        "ExtendibleMaturityDateIndicator": null,
        "FormosaIndicator": null,
        "BulletMaturityTypeIndicator": null,
        "InflationLinkedIndicator": null,
        "IsMostSenior": null,
        "MTNIndicator": null,
        "IsRegulationS": null,
        "IsResecuritised": null,
        "IsSecured": null,
        "IsSecuritised": null,
        "IsSenior": null,
        "IsFlatTraded": null,
        "IsZeroCoupon": null,
        "LastPayment": null,
        "BASECPI": null,
        "PreferredSecurityIndicator": null,
        "IsPutable": null,
        "ShortSellLimit": null,
        "IsSinkable": null,
        "IsSLREligible": null,
        "StructuredNotesIndicator": null,
        "IsSubordinated": null,
        "UnitTradedIndicator": null,
        "IsUnsecuredObligation": null,
        "ARMWeightedAverageMonthstoPastInitialReset": null,
        "ARMWeightedAverageMonthstoInitialReset": null,
        "PutDaysNotice": null,
        "PutDaysnoticeMultiplier": null,
        "PutDaysNoticeScheme": null,
        "PutDaysNoticeType": null,
        "NextPutPrice": null,
        "NextPutDate": null,
        "NextCallPrice": 100.000000,
        "NextCallDate": null,
        "ReconventionDate": null,
        "ConversionPrice": null,
        "ConvertibleUntil": null,
        "MtgeClassCallDate": null,
        "CalledDate": null,
        "NoticePeriodDayTypeCall": null,
        "CallDaysNotice": null,
        "CallDaysNoticeScheme": null,
        "CallDaysNoticeType": null,
        "CallAnnouncementDate": null,
        "WeightedAverageMaturity": null,
        "PrepaymentSpeed": null,
        "PrepaymentType": null,
        "FinalMaturity": null,
        "ResetFrequency": null,
        "AuctionDate": null,
        "CloEquityTranche": null,
        "GteCollateralType": null,
        "MtgeDealCallDate": null,
        "WorkoutDateMidToWorst": null,
        "MtgePrepayType": null,
        "MtgePrepaySpeed": null,
        "MtgePrepaySouce": null,
        "MtgePrepaySpeedType": null,
        "MtgeEquivalentPsa": null,
        "MtgeEquivalentCpr": null
      }
    ],
    "Clearing": [
      {
        "ClearingCode": null,
        "IsPrimaryClearing": null
      }
    ],
    "ClearingSystems": [],
    "Debt": [
      {
        "CollateralType": "HOMEE5.1",
        "RatingProvisionIndicator": null,
        "CouponFixedtoVariableIndicator": null,
        "SpreadtoTreasuryIssue": null,
        "MinimumIncrement": 1.000000,
        "ParAmount": 32000000.000000000,
        "WeightedAverageOriginalcoupon": null,
        "PoolWAL": null,
        "MtgeWALCalled": null,
        "AmountStripped": null,
        "TotalIssue": 32000000.000000,
        "AmountUnstripped": null,
        "USBondOnTheRunIndicator": null,
        "SpreadCurveIdentifier": null,
        "WeightedAverageLifeAsofAssurance": 5.31,
        "BillsIndicator": null
      }
    ],
    "GeographicDistribution": [
      {
        "LoanGeogCurrentFirst": null,
        "LoanGeogCurrentFirstEar": null,
        "LoanGeogCurrentSecond": null,
        "LoanGeogCurrentSecondEar": null,
        "LoanGeogCurrentThird": null,
        "LoanGeogCurrentThirdEar": null,
        "LoanGeogCurrentFourth": null,
        "LoanGeogCurrentFourthEar": null,
        "LoanGeogCurrentFifth": null,
        "LoanGeogCurrentFifthEar": null
      }
    ],
    "Hqla": [
      {
        "HQLAAustralianEligible": null,
        "HQLABASEL3Eligible": null,
        "HQLACanadianEligible": null,
        "HQLAEUEligible": null,
        "HQLAFR2052AEligible": null,
        "HQLA30dayPriceDrop": null,
        "HQLA30dayDropStartDate": null,
        "HQLA30dayPriceDropDate": null,
        "HQLAJapaneseEligible": null,
        "OECDMemberCORClass": null,
        "IsOECDMember": null,
        "HQLAUSEligible": null,
        "Basel3USRiskWeight": null,
        "Bsl3RiskWeightExpTyp": null,
        "EUBASEL3RiskWeight": null,
        "EUBASEL3RiskWeightType": null,
        "HQLAEBAEligible": null
      }
    ],
    "Instrument": [
      {
        "AShareIndicator": null,
        "AssetClass": "Debt",
        "AssetClassSubType": "Bond",
        "BenchmarkTreasuryAtIssue": null,
        "BenchmarkIssueID": null,
        "CountryCode": null,
        "SettlementCalendar": null,
        "CountryOfDomicile": null,
        "CountryOfRegisterId": null,
        "CountryOfRegisterScheme": null,
        "CountryOfRegister": null,
        "CountryOfRiskId": null,
        "CountryOfRisk": null,
        "CountryOfRiskScheme": null,
        "EventCouponType": null,
        "DayCountDescription": "ACT/360",
        "DefaultSettlementCondition": null,
        "UnderlyingName": null,
        "ExchangeMarketStatus": null,
        "FactorEffectiveDate": null,
        "FixToFloatDate": null,
        "FloatDaysPrior": null,
        "CountryCalenderCode": null,
        "CountryCalenderCodeClassSceheme": null,
        "CountryOfIncorporationId": null,
        "CountryofIncorporation": null,
        "CountryofIncorporationScheme": null,
        "InstrumentLongName": null,
        "InstrumentName": "ARSI 2005-W3 M7",
        "InstrumentShortName": null,
        "IsGermanMTN": null,
        "IsGovernmentGuaranteed": null,
        "IsHybrid": null,
        "DefaultedIndicator": null,
        "IsIslamic": null,
        "LiquidityIndicator": null,
        "IsNonMarket": false,
        "IsPerpetual": false,
        "UserCreatedPvtPlacement": null,
        "IsSeasoned": null,
        "CountryOfIssueId": "US",
        "CountryOfIssueScheme": "ISO",
        "CountryOfIssue": "US - United States of America",
        "lastDeliveryDate": null,
        "LastTradeDate": null,
        "MinimumLot": 100000.0000,
        "LSEEligibleFlag": null,
        "ListingStatus": null,
        "MaturityDate": "2035-11-25",
        "MbsTerm": null,
        "NormalMarketSize": null,
        "PayDay": null,
        "PctParQuoted": null,
        "PoolPayDelay": "0 DAYS",
        "QuotationIndicator": null,
        "ProviderZone": "NAMR",
        "QuoteType": "Price Quoted",
        "ReferenceIndex": null,
        "RegulatoryReporting": null,
        "ReportingMethod": null,
        "CouponRateFixingMethod": null,
        "SecurityRestrictUS": null,
        "SecurityFactorable": null,
        "DaysToSettleType": "Business",
        "DaysToSettlePeriod": "Day",
        "DaysToSettleMultiplier": 3,
        "AccrualStartDate": null,
        "TradeStatus": null,
        "TrustPreferredIndicator": null,
        "IsTraceEligible": null,
        "ExchangeId": null,
        "StrikePrice": null,
        "ExerciseStartDate": null,
        "ConversionStartDate": null,
        "ExerciseEndDate": null,
        "ExerciseRatio": null,
        "IsCancelled": false,
        "IsPerforming": null,
        "CountryFullName": null,
        "IsIsinRequired": null,
        "BASEL3Designation": null,
        "AF300PriceFormat": null,
        "VendorInstrumentName": "ARSI 2005-W3 M7",
        "TypeOfBond": null,
        "SecRegisteredSecurity": null,
        "TefraDIndicator": null,
        "VendorCountryOfIncorporation": null,
        "VendorCountryOfIssue": null,
        "VendorSecurityType": null,
        "SharesParAmount": null
      }
    ],
    "InstrumentClassification": [
      {
        "BdlCertificateType": null,
        "BdlCouponType": "FLOATING",
        "BdlIndustryGroup": "Home Equity ABS",
        "BdlIndustrySector": "Asset Backed Securities",
        "BdlIndustrySubGroup": null,
        "BdlIssuerIndustry": null,
        "BdlMarketIssue": null,
        "BdlMarketSector": "Mtge",
        "BdlMortgageDealType": "HOME EQTY",
        "BdlSecurityPaymentRanking": null,
        "BdlSecurityType": "ABS Home",
        "BdlSecurityType2": "ABS",
        "CouponType": "Floater",
        "IssuerType": "Corporate",
        "LseSegment": null,
        "StripType": null,
        "YieldType": null,
        "EquipSecuritySubType": null,
        "UnderlyingAssetSubType": null,
        "UnderlyingAssetType": null,
        "GteSecurityClass": null,
        "GteSecuritySubClass": null,
        "GteSecurityType": null,
        "GteSecuritySubType": null,
        "MtgeCollateralType": null,
        "MarketSectorId": null,
        "MtgeAmortType": null,
        "MtgeType": null
      }
    ],
    "InstrumentComment": [
      {
        "CommentDate": null,
        "CommentText": null,
        "CommentType": null,
        "CommentWriter": null
      }
    ],
    "InstrumentEligibility": [],
    "InstrumentIssuance": [
      {
        "AnnouncementDate": null,
        "Country": null,
        "Currency": "USD",
        "PrivatePlacementIndicator": null,
        "IssueDate": "2005-10-28",
        "IssuePrice": 100.000000,
        "ReopenSettle": null,
        "ReopenAuction": null,
        "ReopenAnnouncement": null,
        "OffshoreCurrency": null
      }
    ],
    "InstrumentMarketConvention": [],
    "InstrumentParty": [
      {
        "GuarantorPariPassu": null,
        "PartyCode": "233964",
        "PartyName": "ARGENT SECS INC SERIES 2005-W3",
        "PartyNameVendor": "",
        "PartyLongNameVendor": null,
        "PartyRoleType": "Issuer",
        "PartyAlias": "Bloomberg",
        "LegalEntityIdentifier": null,
        "CISCode": "FASW3US",
        "DFIdentifier": null,
        "CountryOfResidenceId": "US",
        "CountryOfResidenceName": "US - United States of America",
        "CountryOfResidenceIsoScheme": "ISO",
        "CountryOfIncorporationId": "US",
        "CountryOfIncorporationName": "US - United States of America",
        "CountryOfIncorporationIsoScheme": "ISO",
        "CountryOfRiskId": "US",
        "CountryOfRiskName": "US - United States of America",
        "CountryOfRiskIsoScheme": "ISO"
      },
      {
        "GuarantorPariPassu": null,
        "PartyCode": "54803539",
        "PartyName": "",
        "PartyNameVendor": "",
        "PartyLongNameVendor": null,
        "PartyRoleType": "Ultimate parent",
        "PartyAlias": "Bloomberg",
        "LegalEntityIdentifier": null,
        "CISCode": "",
        "DFIdentifier": null,
        "CountryOfResidenceId": "",
        "CountryOfResidenceName": "",
        "CountryOfResidenceIsoScheme": "ISO",
        "CountryOfIncorporationId": "",
        "CountryOfIncorporationName": "",
        "CountryOfIncorporationIsoScheme": "ISO",
        "CountryOfRiskId": "",
        "CountryOfRiskName": "",
        "CountryOfRiskIsoScheme": "ISO"
      }
    ],
    "InstrumentScheduleEntry": [],
    "InstrumentTax": [
      {
        "MaterialModificationDate": null,
        "MaterialModificationReason": null,
        "TaxObligation": null,
        "GrandfatheredObligation": "No",
        "FatcaShortTermIndicator": "No",
        "TaxProvider": "FATCA",
        "IssuedBeforeFATCAGrandfatheringDate": "Yes",
        "USFDAPIncome": "No",
        "MaterialModification": "No"
      }
    ],
    "InstrumentVendorData": [
      {
        "FieldName": null,
        "FieldValue": null,
        "FieldValueText": null
      }
    ],
    "Interest": [
      {
        "AccrualDaysBetweenCouponDate": null,
        "MortgageStartAccrualDateperSettle": null,
        "AccruedCouponBasis": null,
        "EventCouponCap": null,
        "AdjustedDate": null,
        "CouponCCYFXRate": null,
        "CouponFrequency": "MONTHLY",
        "CurrentAccrualRate": null,
        "EndAccrualDate": null,
        "ExDivDaysMultiplier": null,
        "ExDivDaysPeriod": null,
        "FirstCouponDate": "2005-11-25",
        "MtgeIndexusedFor1stInterestPaymentPerSettl": null,
        "FirstSettleDate": "2005-10-28",
        "CouponRate": 1.480630,
        "CouponFloor": null,
        "PayDay": null,
        "InterestAccrued": null,
        "CalculationType": null,
        "CalculationTypeDescription": null,
        "InterestCurrency": "USD",
        "InterestSpread": 1.250000,
        "IssueSpreadToBenchmark": null,
        "LastResetDate": null,
        "MortgageRecordDate": "2010-02-24",
        "MortgageFirstPayDate": null,
        "MortgageNextPayDateperSettle": "2011-03-25",
        "MtgeNextPayDatePerSettle": null,
        "NextAccrualRate": null,
        "NextCouponDate": null,
        "NextResetDate": null,
        "PenultimateCouponDate": null,
        "PriceMethodology": null,
        "RedemptionCCYFXRate": null,
        "ResetIndex": "LIBOR  1MO",
        "SpreadtoMidSwapsatIssue": null,
        "MarginAddPlusDelta": null,
        "PreviousCouponSettleDate": null,
        "RedemptionAmount": null,
        "RedemptionCurrency": null,
        "InterestAccrualDate": null,
        "DayCount": "102",
        "NextAccrualDate": null
      }
    ],
    "Listing": [],
    "Underlyer": [
      {
        "UnderlyingCusip": null,
        "UnderlyerTicker": null,
        "UnderlyerBloombergUniqueCode": null
      }
    ],
    "Underwriter": [],
    "CallScheduleEntry": [],
    "CashFlowScheduleEntry": [],
    "Disabled": [],
    "ExDvdSchedule": [],
    "FloaterAccrualSchedule": [],
    "FloaterCouponHistory": [],
    "InstrumentGroupDescription": [],
    "MortgageCashFlowSchedule": [],
    "MortgageCouponHistory": [
      {
        "EventType": "Mortgage Coupon History",
        "EventDate": "2006-03-27",
        "EventProvider": "Bloomberg",
        "EventPercentage": 5.8310000000
      },
      {
        "EventType": "Mortgage Coupon History",
        "EventDate": "2007-10-25",
        "EventProvider": "Bloomberg",
        "EventPercentage": 6.3810000000
      },
      {
        "EventType": "Mortgage Coupon History",
        "EventDate": "2006-08-25",
        "EventProvider": "Bloomberg",
        "EventPercentage": 6.6350000000
      },
      {
        "EventType": "Mortgage Coupon History",
        "EventDate": "2007-07-25",
        "EventProvider": "Bloomberg",
        "EventPercentage": 6.5700000000
      },
      {
        "EventType": "Mortgage Coupon History",
        "EventDate": "2007-08-27",
        "EventProvider": "Bloomberg",
        "EventPercentage": 6.5700000000
      },
      {
        "EventType": "Mortgage Coupon History",
        "EventDate": "2009-12-28",
        "EventProvider": "Bloomberg",
        "EventPercentage": 1.4860000000
      },
      {
        "EventType": "Mortgage Coupon History",
        "EventDate": "2009-02-25",
        "EventProvider": "Bloomberg",
        "EventPercentage": 1.6390000000
      },
      {
        "EventType": "Mortgage Coupon History",
        "EventDate": "2008-04-25",
        "EventProvider": "Bloomberg",
        "EventPercentage": 3.8490000000
      },
      {
        "EventType": "Mortgage Coupon History",
        "EventDate": "2008-12-26",
        "EventProvider": "Bloomberg",
        "EventPercentage": 2.6450000000
      },
      {
        "EventType": "Mortgage Coupon History",
        "EventDate": "2007-04-25",
        "EventProvider": "Bloomberg",
        "EventPercentage": 6.5700000000
      },
      {
        "EventType": "Mortgage Coupon History",
        "EventDate": "2009-01-26",
        "EventProvider": "Bloomberg",
        "EventPercentage": 1.7210000000
      },
      {
        "EventType": "Mortgage Coupon History",
        "EventDate": "2007-02-26",
        "EventProvider": "Bloomberg",
        "EventPercentage": 6.5700000000
      },
      {
        "EventType": "Mortgage Coupon History",
        "EventDate": "2006-05-25",
        "EventProvider": "Bloomberg",
        "EventPercentage": 6.2090000000
      },
      {
        "EventType": "Mortgage Coupon History",
        "EventDate": "2009-07-27",
        "EventProvider": "Bloomberg",
        "EventPercentage": 1.5640000000
      },
      {
        "EventType": "Mortgage Coupon History",
        "EventDate": "2008-03-25",
        "EventProvider": "Bloomberg",
        "EventPercentage": 4.3850000000
      },
      {
        "EventType": "Mortgage Coupon History",
        "EventDate": "2007-03-26",
        "EventProvider": "Bloomberg",
        "EventPercentage": 6.5700000000
      },
      {
        "EventType": "Mortgage Coupon History",
        "EventDate": "2010-01-25",
        "EventProvider": "Bloomberg",
        "EventPercentage": 1.4810000000
      },
      {
        "EventType": "Mortgage Coupon History",
        "EventDate": "2006-07-25",
        "EventProvider": "Bloomberg",
        "EventPercentage": 6.5730000000
      },
      {
        "EventType": "Mortgage Coupon History",
        "EventDate": "2008-10-27",
        "EventProvider": "Bloomberg",
        "EventPercentage": 4.4570000000
      },
      {
        "EventType": "Mortgage Coupon History",
        "EventDate": "2006-12-26",
        "EventProvider": "Bloomberg",
        "EventPercentage": 6.5700000000
      },
      {
        "EventType": "Mortgage Coupon History",
        "EventDate": "2007-06-25",
        "EventProvider": "Bloomberg",
        "EventPercentage": 6.5700000000
      },
      {
        "EventType": "Mortgage Coupon History",
        "EventDate": "2009-04-27",
        "EventProvider": "Bloomberg",
        "EventPercentage": 1.7720000000
      },
      {
        "EventType": "Mortgage Coupon History",
        "EventDate": "2008-11-25",
        "EventProvider": "Bloomberg",
        "EventPercentage": 4.5090000000
      },
      {
        "EventType": "Mortgage Coupon History",
        "EventDate": "2008-06-25",
        "EventProvider": "Bloomberg",
        "EventPercentage": 3.6430000000
      },
      {
        "EventType": "Mortgage Coupon History",
        "EventDate": "2006-01-25",
        "EventProvider": "Bloomberg",
        "EventPercentage": 5.6290000000
      },
      {
        "EventType": "Mortgage Coupon History",
        "EventDate": "2009-08-25",
        "EventProvider": "Bloomberg",
        "EventPercentage": 1.5350000000
      },
      {
        "EventType": "Mortgage Coupon History",
        "EventDate": "2008-07-25",
        "EventProvider": "Bloomberg",
        "EventPercentage": 3.7330000000
      },
      {
        "EventType": "Mortgage Coupon History",
        "EventDate": "2008-02-25",
        "EventProvider": "Bloomberg",
        "EventPercentage": 4.6260000000
      },
      {
        "EventType": "Mortgage Coupon History",
        "EventDate": "2009-09-25",
        "EventProvider": "Bloomberg",
        "EventPercentage": 1.5160000000
      },
      {
        "EventType": "Mortgage Coupon History",
        "EventDate": "2009-06-25",
        "EventProvider": "Bloomberg",
        "EventPercentage": 1.5590000000
      },
      {
        "EventType": "Mortgage Coupon History",
        "EventDate": "2005-11-25",
        "EventProvider": "Bloomberg",
        "EventPercentage": 5.3200000000
      },
      {
        "EventType": "Mortgage Coupon History",
        "EventDate": "2009-11-25",
        "EventProvider": "Bloomberg",
        "EventPercentage": 1.4940000000
      },
      {
        "EventType": "Mortgage Coupon History",
        "EventDate": "2008-05-27",
        "EventProvider": "Bloomberg",
        "EventPercentage": 4.1450000000
      },
      {
        "EventType": "Mortgage Coupon History",
        "EventDate": "2007-12-26",
        "EventProvider": "Bloomberg",
        "EventPercentage": 6.0330000000
      },
      {
        "EventType": "Mortgage Coupon History",
        "EventDate": "2007-11-26",
        "EventProvider": "Bloomberg",
        "EventPercentage": 6.1230000000
      },
      {
        "EventType": "Mortgage Coupon History",
        "EventDate": "2006-02-27",
        "EventProvider": "Bloomberg",
        "EventPercentage": 5.7800000000
      },
      {
        "EventType": "Mortgage Coupon History",
        "EventDate": "2010-02-25",
        "EventProvider": "Bloomberg",
        "EventPercentage": 1.4810000000
      },
      {
        "EventType": "Mortgage Coupon History",
        "EventDate": "2007-09-25",
        "EventProvider": "Bloomberg",
        "EventPercentage": 6.7550000000
      },
      {
        "EventType": "Mortgage Coupon History",
        "EventDate": "2007-01-25",
        "EventProvider": "Bloomberg",
        "EventPercentage": 6.6000000000
      },
      {
        "EventType": "Mortgage Coupon History",
        "EventDate": "2009-05-26",
        "EventProvider": "Bloomberg",
        "EventPercentage": 1.6880000000
      },
      {
        "EventType": "Mortgage Coupon History",
        "EventDate": "2008-01-25",
        "EventProvider": "Bloomberg",
        "EventPercentage": 6.1150000000
      },
      {
        "EventType": "Mortgage Coupon History",
        "EventDate": "2005-12-27",
        "EventProvider": "Bloomberg",
        "EventPercentage": 5.4440000000
      },
      {
        "EventType": "Mortgage Coupon History",
        "EventDate": "2008-09-25",
        "EventProvider": "Bloomberg",
        "EventPercentage": 3.7220000000
      },
      {
        "EventType": "Mortgage Coupon History",
        "EventDate": "2009-03-25",
        "EventProvider": "Bloomberg",
        "EventPercentage": 1.7240000000
      },
      {
        "EventType": "Mortgage Coupon History",
        "EventDate": "2006-09-25",
        "EventProvider": "Bloomberg",
        "EventPercentage": 6.5740000000
      },
      {
        "EventType": "Mortgage Coupon History",
        "EventDate": "2006-10-25",
        "EventProvider": "Bloomberg",
        "EventPercentage": 6.5800000000
      },
      {
        "EventType": "Mortgage Coupon History",
        "EventDate": "2006-06-26",
        "EventProvider": "Bloomberg",
        "EventPercentage": 6.3310000000
      },
      {
        "EventType": "Mortgage Coupon History",
        "EventDate": "2008-08-25",
        "EventProvider": "Bloomberg",
        "EventPercentage": 3.7110000000
      },
      {
        "EventType": "Mortgage Coupon History",
        "EventDate": "2007-05-25",
        "EventProvider": "Bloomberg",
        "EventPercentage": 6.5700000000
      },
      {
        "EventType": "Mortgage Coupon History",
        "EventDate": "2009-10-26",
        "EventProvider": "Bloomberg",
        "EventPercentage": 1.4960000000
      },
      {
        "EventType": "Mortgage Coupon History",
        "EventDate": "2006-11-27",
        "EventProvider": "Bloomberg",
        "EventPercentage": 6.1520000000
      },
      {
        "EventType": "Mortgage Coupon History",
        "EventDate": "2006-04-25",
        "EventProvider": "Bloomberg",
        "EventPercentage": 6.0680000000
      }
    ],
    "MortgageFactorHistory": [
      {
        "EventType": "Mortgage Factor History",
        "EventDate": "2007-09-25",
        "EventProvider": "Bloomberg",
        "EventPercentage": 1.0000000000
      },
      {
        "EventType": "Mortgage Factor History",
        "EventDate": "2007-03-26",
        "EventProvider": "Bloomberg",
        "EventPercentage": 1.0000000000
      },
      {
        "EventType": "Mortgage Factor History",
        "EventDate": "2009-03-25",
        "EventProvider": "Bloomberg",
        "EventPercentage": 1.0000000000
      },
      {
        "EventType": "Mortgage Factor History",
        "EventDate": "2006-06-26",
        "EventProvider": "Bloomberg",
        "EventPercentage": 1.0000000000
      },
      {
        "EventType": "Mortgage Factor History",
        "EventDate": "2010-02-25",
        "EventProvider": "Bloomberg",
        "EventPercentage": 0.0000000000
      },
      {
        "EventType": "Mortgage Factor History",
        "EventDate": "2006-07-25",
        "EventProvider": "Bloomberg",
        "EventPercentage": 1.0000000000
      },
      {
        "EventType": "Mortgage Factor History",
        "EventDate": "2008-12-26",
        "EventProvider": "Bloomberg",
        "EventPercentage": 1.0000000000
      },
      {
        "EventType": "Mortgage Factor History",
        "EventDate": "2005-10-28",
        "EventProvider": "Bloomberg",
        "EventPercentage": 1.0000000000
      },
      {
        "EventType": "Mortgage Factor History",
        "EventDate": "2006-08-25",
        "EventProvider": "Bloomberg",
        "EventPercentage": 1.0000000000
      },
      {
        "EventType": "Mortgage Factor History",
        "EventDate": "2009-02-25",
        "EventProvider": "Bloomberg",
        "EventPercentage": 1.0000000000
      },
      {
        "EventType": "Mortgage Factor History",
        "EventDate": "2006-01-25",
        "EventProvider": "Bloomberg",
        "EventPercentage": 1.0000000000
      },
      {
        "EventType": "Mortgage Factor History",
        "EventDate": "2006-03-27",
        "EventProvider": "Bloomberg",
        "EventPercentage": 1.0000000000
      },
      {
        "EventType": "Mortgage Factor History",
        "EventDate": "2008-10-27",
        "EventProvider": "Bloomberg",
        "EventPercentage": 1.0000000000
      },
      {
        "EventType": "Mortgage Factor History",
        "EventDate": "2007-08-27",
        "EventProvider": "Bloomberg",
        "EventPercentage": 1.0000000000
      },
      {
        "EventType": "Mortgage Factor History",
        "EventDate": "2007-06-25",
        "EventProvider": "Bloomberg",
        "EventPercentage": 1.0000000000
      },
      {
        "EventType": "Mortgage Factor History",
        "EventDate": "2005-12-27",
        "EventProvider": "Bloomberg",
        "EventPercentage": 1.0000000000
      },
      {
        "EventType": "Mortgage Factor History",
        "EventDate": "2009-04-27",
        "EventProvider": "Bloomberg",
        "EventPercentage": 1.0000000000
      },
      {
        "EventType": "Mortgage Factor History",
        "EventDate": "2010-01-25",
        "EventProvider": "Bloomberg",
        "EventPercentage": 0.0730000000
      },
      {
        "EventType": "Mortgage Factor History",
        "EventDate": "2007-05-25",
        "EventProvider": "Bloomberg",
        "EventPercentage": 1.0000000000
      },
      {
        "EventType": "Mortgage Factor History",
        "EventDate": "2007-01-25",
        "EventProvider": "Bloomberg",
        "EventPercentage": 1.0000000000
      },
      {
        "EventType": "Mortgage Factor History",
        "EventDate": "2009-10-26",
        "EventProvider": "Bloomberg",
        "EventPercentage": 0.7510000000
      },
      {
        "EventType": "Mortgage Factor History",
        "EventDate": "2006-04-25",
        "EventProvider": "Bloomberg",
        "EventPercentage": 1.0000000000
      },
      {
        "EventType": "Mortgage Factor History",
        "EventDate": "2009-08-25",
        "EventProvider": "Bloomberg",
        "EventPercentage": 1.0000000000
      },
      {
        "EventType": "Mortgage Factor History",
        "EventDate": "2009-05-26",
        "EventProvider": "Bloomberg",
        "EventPercentage": 1.0000000000
      },
      {
        "EventType": "Mortgage Factor History",
        "EventDate": "2007-11-26",
        "EventProvider": "Bloomberg",
        "EventPercentage": 1.0000000000
      },
      {
        "EventType": "Mortgage Factor History",
        "EventDate": "2007-12-26",
        "EventProvider": "Bloomberg",
        "EventPercentage": 1.0000000000
      },
      {
        "EventType": "Mortgage Factor History",
        "EventDate": "2008-09-25",
        "EventProvider": "Bloomberg",
        "EventPercentage": 1.0000000000
      },
      {
        "EventType": "Mortgage Factor History",
        "EventDate": "2007-04-25",
        "EventProvider": "Bloomberg",
        "EventPercentage": 1.0000000000
      },
      {
        "EventType": "Mortgage Factor History",
        "EventDate": "2009-06-25",
        "EventProvider": "Bloomberg",
        "EventPercentage": 1.0000000000
      },
      {
        "EventType": "Mortgage Factor History",
        "EventDate": "2009-07-27",
        "EventProvider": "Bloomberg",
        "EventPercentage": 1.0000000000
      },
      {
        "EventType": "Mortgage Factor History",
        "EventDate": "2008-07-25",
        "EventProvider": "Bloomberg",
        "EventPercentage": 1.0000000000
      },
      {
        "EventType": "Mortgage Factor History",
        "EventDate": "2006-10-25",
        "EventProvider": "Bloomberg",
        "EventPercentage": 1.0000000000
      },
      {
        "EventType": "Mortgage Factor History",
        "EventDate": "2006-05-25",
        "EventProvider": "Bloomberg",
        "EventPercentage": 1.0000000000
      },
      {
        "EventType": "Mortgage Factor History",
        "EventDate": "2009-09-25",
        "EventProvider": "Bloomberg",
        "EventPercentage": 0.9740000000
      },
      {
        "EventType": "Mortgage Factor History",
        "EventDate": "2006-11-27",
        "EventProvider": "Bloomberg",
        "EventPercentage": 1.0000000000
      },
      {
        "EventType": "Mortgage Factor History",
        "EventDate": "2008-04-25",
        "EventProvider": "Bloomberg",
        "EventPercentage": 1.0000000000
      },
      {
        "EventType": "Mortgage Factor History",
        "EventDate": "2005-11-25",
        "EventProvider": "Bloomberg",
        "EventPercentage": 1.0000000000
      },
      {
        "EventType": "Mortgage Factor History",
        "EventDate": "2007-02-26",
        "EventProvider": "Bloomberg",
        "EventPercentage": 1.0000000000
      },
      {
        "EventType": "Mortgage Factor History",
        "EventDate": "2009-01-26",
        "EventProvider": "Bloomberg",
        "EventPercentage": 1.0000000000
      },
      {
        "EventType": "Mortgage Factor History",
        "EventDate": "2007-10-25",
        "EventProvider": "Bloomberg",
        "EventPercentage": 1.0000000000
      },
      {
        "EventType": "Mortgage Factor History",
        "EventDate": "2008-01-25",
        "EventProvider": "Bloomberg",
        "EventPercentage": 1.0000000000
      },
      {
        "EventType": "Mortgage Factor History",
        "EventDate": "2007-07-25",
        "EventProvider": "Bloomberg",
        "EventPercentage": 1.0000000000
      },
      {
        "EventType": "Mortgage Factor History",
        "EventDate": "2008-05-27",
        "EventProvider": "Bloomberg",
        "EventPercentage": 1.0000000000
      },
      {
        "EventType": "Mortgage Factor History",
        "EventDate": "2008-08-25",
        "EventProvider": "Bloomberg",
        "EventPercentage": 1.0000000000
      },
      {
        "EventType": "Mortgage Factor History",
        "EventDate": "2006-09-25",
        "EventProvider": "Bloomberg",
        "EventPercentage": 1.0000000000
      },
      {
        "EventType": "Mortgage Factor History",
        "EventDate": "2009-12-28",
        "EventProvider": "Bloomberg",
        "EventPercentage": 0.2610000000
      },
      {
        "EventType": "Mortgage Factor History",
        "EventDate": "2008-06-25",
        "EventProvider": "Bloomberg",
        "EventPercentage": 1.0000000000
      },
      {
        "EventType": "Mortgage Factor History",
        "EventDate": "2006-12-26",
        "EventProvider": "Bloomberg",
        "EventPercentage": 1.0000000000
      },
      {
        "EventType": "Mortgage Factor History",
        "EventDate": "2008-02-25",
        "EventProvider": "Bloomberg",
        "EventPercentage": 1.0000000000
      },
      {
        "EventType": "Mortgage Factor History",
        "EventDate": "2008-03-25",
        "EventProvider": "Bloomberg",
        "EventPercentage": 1.0000000000
      },
      {
        "EventType": "Mortgage Factor History",
        "EventDate": "2008-11-25",
        "EventProvider": "Bloomberg",
        "EventPercentage": 1.0000000000
      },
      {
        "EventType": "Mortgage Factor History",
        "EventDate": "2009-11-25",
        "EventProvider": "Bloomberg",
        "EventPercentage": 0.4320000000
      },
      {
        "EventType": "Mortgage Factor History",
        "EventDate": "2006-02-27",
        "EventProvider": "Bloomberg",
        "EventPercentage": 1.0000000000
      }
    ],
    "MultiCouponSchedule": [],
    "PutSchedule": [],
    "Ratings": [],
    "StepUpCouponSchedule": [],
    "StructuredCoupon": [],
    "InterestRateCalendar": [],
    "UsSecRegExemption": [],
    "Alias": [
      {
        "AliasType": "Bloomberg",
        "AliasValue": "CMSC7212",
        "StartDate": "2017-10-14",
        "EndDate": ""
      },
      {
        "AliasType": "BloombergTicker",
        "AliasValue": "ARSI",
        "StartDate": "2017-10-14",
        "EndDate": ""
      },
      {
        "AliasType": "BULK_BBG_ID",
        "AliasValue": "BBG0009TX9H2",
        "StartDate": "2017-10-14",
        "EndDate": ""
      },
      {
        "AliasType": "Common",
        "AliasValue": "023358140",
        "StartDate": "2017-10-14",
        "EndDate": ""
      },
      {
        "AliasType": "compositeKey",
        "AliasValue": "isin~US040104PJ45",
        "StartDate": "2017-10-14",
        "EndDate": ""
      },
      {
        "AliasType": "CUSIP",
        "AliasValue": "040104PJ4",
        "StartDate": "2017-10-14",
        "EndDate": ""
      },
      {
        "AliasType": "HeliosID",
        "AliasValue": "50183984",
        "StartDate": "2017-10-14",
        "EndDate": ""
      },
      {
        "AliasType": "ID_BB_UNIQUE",
        "AliasValue": "MG!!00LXNV",
        "StartDate": "2017-10-14",
        "EndDate": ""
      },
      {
        "AliasType": "ISIN",
        "AliasValue": "US040104PJ45",
        "StartDate": "2017-10-14",
        "EndDate": ""
      }
    ]
  },
  "ProxySeriesIds": [],
  "RdxId": "5T45-C0BYT-2",
  "RdxSeriesId": "271013",
  "ValuationDate": "2017-09-01T00:00:00",
  "Version": 2
}