Element Type,SourceObject,Element Collection,Element Group,Element Id,Element Name,Parent Element Id,Parent Element Name,Mandatory Element,Trigger Attribute,Output Attribute,Key Attribute,Method Name,Method Return Type,Parameter1
root,SMART_SALESDAY,XmartCremantCharges,XmartCremantCharge,1,xmartFileEvent,,,Y,,,,,,
attribute,SMART_SALESDAY,XmartCremantCharges,XmartCremantCharge,2,documentKey,1,xmartFileEvent,N,Y,Y,N,getDocumentKey,long,
attribute,SMART_SALESDAY,XmartCremantCharges,XmartCremantCharge,3,businessDate,1,xmartFileEvent,N,Y,Y,N,getMapValue,String,BusinessDate
attribute,SMART_SALESDAY,XmartCremantCharges,XmartCremantCharge,4,sourceSystem,1,xmartFileEvent,N,Y,Y,N,getMapValue,String,SourceSystem
attribute,SMART_SALESDAY,XmartCremantCharges,XmartCremantCharge,5,cemFeeId,1,xmartFileEvent,N,Y,Y,N,getMapValue,String,CemFeeId
attribute,SMART_SALESDAY,XmartCremantCharges,XmartCremantCharge,6,eventDate,1,xmartFileEvent,N,Y,Y,N,getMapValue,String,EventDate
attribute,SMART_SALESDAY,XmartCremantCharges,XmartCremantCharge,7,dealRef,1,xmartFileEvent,N,Y,Y,N,getMapValue,String,DealRef
attribute,SMART_SALESDAY,XmartCremantCharges,XmartCremantCharge,8,cemChargeType,1,xmartFileEvent,N,Y,Y,N,getMapValue,String,CemChargeType
attribute,SMART_SALESDAY,XmartCremantCharges,XmartCremantCharge,9,dealDate,1,xmartFileEvent,N,Y,Y,N,getMapValue,String,DealDate
attribute,SMART_SALESDAY,XmartCremantCharges,XmartCremantCharge,10,transactionAmount,1,xmartFileEvent,N,Y,Y,N,getMapValue,String,TransactionAmount
attribute,SMART_SALESDAY,XmartCremantCharges,XmartCremantCharge,11,transactionCurrency,1,xmartFileEvent,N,Y,Y,N,getMapValue,String,TransactionCurrency
attribute,SMART_SALESDAY,XmartCremantCharges,XmartCremantCharge,12,payOrReceive,1,xmartFileEvent,N,Y,Y,N,getMapValue,String,PayOrReceive
attribute,SMART_SALESDAY,XmartCremantCharges,XmartCremantCharge,13,isCancellation,1,xmartFileEvent,N,Y,Y,N,getMapValue,String,IsCancellation
attribute,SMART_SALESDAY,XmartCremantCharges,XmartCremantCharge,14,counterpartyLongName,1,xmartFileEvent,N,Y,Y,N,getMapValue,String,CounterpartyLongName
attribute,SMART_SALESDAY,XmartCremantCharges,XmartCremantCharge,15,countryCode,1,xmartFileEvent,N,Y,Y,N,getMapValue,String,CountryCode
attribute,SMART_SALESDAY,XmartCremantCharges,XmartCremantCharge,16,cEMLedgerBook,1,xmartFileEvent,N,Y,Y,N,getMapValue,String,CEMLedgerBook
attribute,SMART_SALESDAY,XmartCremantCharges,XmartCremantCharge,17,sourceSystemId,1,xmartFileEvent,N,Y,Y,N,getMapValue,String,SourceSystemId
attribute,SMART_SALESDAY,XmartCremantCharges,XmartCremantCharge,18,sourceSystemTransactionId,1,xmartFileEvent,N,Y,Y,N,getMapValue,String,SourceSystemTransactionId
root,XMART_REVENUE_SHARE,XmartRevenueShares,XmartRevenueShare,1,xmartFileEvent,,,Y,,,,,,
attribute,XMART_REVENUE_SHARE,XmartRevenueShares,XmartRevenueShare,2,documentKey,1,xmartFileEvent,N,Y,Y,N,getDocumentKey,long,
attribute,XMART_REVENUE_SHARE,XmartRevenueShares,XmartRevenueShare,3,cisCodeL4,1,xmartFileEvent,N,Y,Y,N,getMapValue,String,CIS
attribute,XMART_REVENUE_SHARE,XmartRevenueShares,XmartRevenueShare,4,product,1,xmartFileEvent,N,Y,Y,N,getMapValue,String,Product
attribute,XMART_REVENUE_SHARE,XmartRevenueShares,XmartRevenueShare,5,incomeShared,1,xmartFileEvent,N,Y,Y,N,getMapValue,String,Income_shared
attribute,XMART_REVENUE_SHARE,XmartRevenueShares,XmartRevenueShare,6,year,1,xmartFileEvent,N,Y,Y,N,getMapValue,String,Year
attribute,XMART_REVENUE_SHARE,XmartRevenueShares,XmartRevenueShare,7,receiver,1,xmartFileEvent,N,Y,Y,N,getMapValue,String,Receiver
root,XMART_CRM_PEER_2_PEER,XmartEcdPeer2PeerReviews,XmartEcdPeer2PeerReview,1,xmartFileEvent,,,Y,,,,,,
attribute,XMART_CRM_PEER_2_PEER,XmartEcdPeer2PeerReviews,XmartEcdPeer2PeerReview,2,documentKey,1,xmartFileEvent,N,Y,Y,N,getDocumentKey,long,
attribute,XMART_CRM_PEER_2_PEER,XmartEcdPeer2PeerReviews,XmartEcdPeer2PeerReview,3,feedbackYear,1,xmartFileEvent,Y,N,Y,N,getMapValue,String,FeedbackYear
attribute,XMART_CRM_PEER_2_PEER,XmartEcdPeer2PeerReviews,XmartEcdPeer2PeerReview,4,ecdId,1,xmartFileEvent,Y,N,Y,N,getMapValue,String,EcdId
attribute,XMART_CRM_PEER_2_PEER,XmartEcdPeer2PeerReviews,XmartEcdPeer2PeerReview,5,reviewReceived,1,xmartFileEvent,N,Y,Y,N,getMapValue,String,ReviewReceived
attribute,XMART_CRM_PEER_2_PEER,XmartEcdPeer2PeerReviews,XmartEcdPeer2PeerReview,6,reviewGiven,1,xmartFileEvent,N,Y,Y,N,getMapValue,String,ReviewGiven
attribute,XMART_CRM_PEER_2_PEER,XmartEcdPeer2PeerReviews,XmartEcdPeer2PeerReview,7,peerScoreReceived,1,xmartFileEvent,N,Y,Y,N,getMapValue,String,PeerScoreReceived
root,XMART_SDM_PRODUCT,XmartSdmProducts,XmartSdmProduct,1,xmartFileEvent,,,Y,,,,,,
attribute,XMART_SDM_PRODUCT,XmartSdmProducts,XmartSdmProduct,2,documentKey,1,xmartFileEvent,N,Y,Y,N,getDocumentKey,long,
attribute,XMART_SDM_PRODUCT,XmartSdmProducts,XmartSdmProduct,3,productId,1,xmartFileEvent,Y,Y,Y,N,getMapValue,String,ProductId
attribute,XMART_SDM_PRODUCT,XmartSdmProducts,XmartSdmProduct,4,productApplicationId,1,xmartFileEvent,N,Y,Y,N,getMapValue,String,ProductApplicationId
attribute,XMART_SDM_PRODUCT,XmartSdmProducts,XmartSdmProduct,5,description,1,xmartFileEvent,N,Y,Y,N,getMapValue,String,Description
attribute,XMART_SDM_PRODUCT,XmartSdmProducts,XmartSdmProduct,6,sourceSystemProductId,1,xmartFileEvent,N,Y,Y,N,getMapValue,String,SourceSystemProductId
attribute,XMART_SDM_PRODUCT,XmartSdmProducts,XmartSdmProduct,7,sourceSystemSubProductId,1,xmartFileEvent,N,Y,Y,N,getMapValue,String,SourceSystemSubProductId
attribute,XMART_SDM_PRODUCT,XmartSdmProducts,XmartSdmProduct,8,sourceSystemProductDescription,1,xmartFileEvent,N,Y,Y,N,getMapValue,String,SourceSystemProductDescription
attribute,XMART_SDM_PRODUCT,XmartSdmProducts,XmartSdmProduct,9,sourceSystemShortProductName,1,xmartFileEvent,N,Y,Y,N,getMapValue,String,SourceSystemShortProductName
attribute,XMART_SDM_PRODUCT,XmartSdmProducts,XmartSdmProduct,10,tDWContractClass,1,xmartFileEvent,N,Y,Y,N,getMapValue,String,TDWContractClass
attribute,XMART_SDM_PRODUCT,XmartSdmProducts,XmartSdmProduct,11,tDWContractSubClass,1,xmartFileEvent,N,Y,Y,N,getMapValue,String,TDWContractSubClass
attribute,XMART_SDM_PRODUCT,XmartSdmProducts,XmartSdmProduct,12,gLProductClass,1,xmartFileEvent,N,Y,Y,N,getMapValue,String,GLProductClass
attribute,XMART_SDM_PRODUCT,XmartSdmProducts,XmartSdmProduct,13,gLProductClassDesc,1,xmartFileEvent,N,Y,Y,N,getMapValue,String,GLProductClassDesc
attribute,XMART_SDM_PRODUCT,XmartSdmProducts,XmartSdmProduct,14,instrumentClass2,1,xmartFileEvent,N,Y,Y,N,getMapValue,String,InstrumentClass2
attribute,XMART_SDM_PRODUCT,XmartSdmProducts,XmartSdmProduct,15,instrumentClass1,1,xmartFileEvent,N,Y,Y,N,getMapValue,String,InstrumentClass1
attribute,XMART_SDM_PRODUCT,XmartSdmProducts,XmartSdmProduct,16,effectiveDate,1,xmartFileEvent,N,Y,Y,N,getMapValue,String,EffectiveDate
attribute,XMART_SDM_PRODUCT,XmartSdmProducts,XmartSdmProduct,17,gLProductRuleGroupOverride,1,xmartFileEvent,N,Y,Y,N,getMapValue,String,GLProductRuleGroupOverride
attribute,XMART_SDM_PRODUCT,XmartSdmProducts,XmartSdmProduct,18,gLProductRuleGroupOverrideDesc,1,xmartFileEvent,N,Y,Y,N,getMapValue,String,GLProductRuleGroupOverrideDesc
attribute,XMART_SDM_PRODUCT,XmartSdmProducts,XmartSdmProduct,19,parentSalesProductId,1,xmartFileEvent,N,Y,Y,N,getMapValue,String,ParentSalesProductId
attribute,XMART_SDM_PRODUCT,XmartSdmProducts,XmartSdmProduct,20,hCSStatLineNumber,1,xmartFileEvent,N,Y,Y,N,getMapValue,String,HCSStatLineNumber
attribute,XMART_SDM_PRODUCT,XmartSdmProducts,XmartSdmProduct,21,hCSStatLineNumberDesc,1,xmartFileEvent,N,Y,Y,N,getMapValue,String,HCSStatLineNumberDesc
attribute,XMART_SDM_PRODUCT,XmartSdmProducts,XmartSdmProduct,22,offBalanceSheetBSD3Code,1,xmartFileEvent,N,Y,Y,N,getMapValue,String,OffBalanceSheetBSD3Code
attribute,XMART_SDM_PRODUCT,XmartSdmProducts,XmartSdmProduct,23,offBalanceSheetBSD3CodeDesc,1,xmartFileEvent,N,Y,Y,N,getMapValue,String,OffBalanceSheetBSD3CodeDesc
attribute,XMART_SDM_PRODUCT,XmartSdmProducts,XmartSdmProduct,24,onBSRegCapitalCategory,1,xmartFileEvent,N,Y,Y,N,getMapValue,String,OnBSRegCapitalCategory
attribute,XMART_SDM_PRODUCT,XmartSdmProducts,XmartSdmProduct,25,onBSRegCapitalCatDesc,1,xmartFileEvent,N,Y,Y,N,getMapValue,String,OnBSRegCapitalCatDesc
attribute,XMART_SDM_PRODUCT,XmartSdmProducts,XmartSdmProduct,26,offBSRegCapitalCategory,1,xmartFileEvent,N,Y,Y,N,getMapValue,String,OffBSRegCapitalCategory
attribute,XMART_SDM_PRODUCT,XmartSdmProducts,XmartSdmProduct,27,offBSRegCapitalCatDesc,1,xmartFileEvent,N,Y,Y,N,getMapValue,String,OffBSRegCapitalCatDesc
attribute,XMART_SDM_PRODUCT,XmartSdmProducts,XmartSdmProduct,28,onBSRegCapProductCategory,1,xmartFileEvent,N,Y,Y,N,getMapValue,String,OnBSRegCapProductCategory
attribute,XMART_SDM_PRODUCT,XmartSdmProducts,XmartSdmProduct,29,onBSRegCapProductCatDesc,1,xmartFileEvent,N,Y,Y,N,getMapValue,String,OnBSRegCapProductCatDesc
attribute,XMART_SDM_PRODUCT,XmartSdmProducts,XmartSdmProduct,30,offBSRegCapProductCategory,1,xmartFileEvent,N,Y,Y,N,getMapValue,String,OffBSRegCapProductCategory
attribute,XMART_SDM_PRODUCT,XmartSdmProducts,XmartSdmProduct,31,offBSRegCapProductCatDesc,1,xmartFileEvent,N,Y,Y,N,getMapValue,String,OffBSRegCapProductCatDesc
attribute,XMART_SDM_PRODUCT,XmartSdmProducts,XmartSdmProduct,32,creditRiskMitigationIndicator,1,xmartFileEvent,N,Y,Y,N,getMapValue,String,CreditRiskMitigationIndicator
attribute,XMART_SDM_PRODUCT,XmartSdmProducts,XmartSdmProduct,33,creditRiskMitigationIndicatorDesc,1,xmartFileEvent,N,Y,Y,N,getMapValue,String,CreditRiskMitigationIndicatorDesc
attribute,XMART_SDM_PRODUCT,XmartSdmProducts,XmartSdmProduct,34,utilisationCapitalCategory,1,xmartFileEvent,N,Y,Y,N,getMapValue,String,UtilisationCapitalCategory
attribute,XMART_SDM_PRODUCT,XmartSdmProducts,XmartSdmProduct,35,utilisationCapitalCatDesc,1,xmartFileEvent,N,Y,Y,N,getMapValue,String,UtilisationCapitalCatDesc
attribute,XMART_SDM_PRODUCT,XmartSdmProducts,XmartSdmProduct,36,utilisationBSD3Code,1,xmartFileEvent,N,Y,Y,N,getMapValue,String,UtilisationBSD3Code
attribute,XMART_SDM_PRODUCT,XmartSdmProducts,XmartSdmProduct,37,utilisationBSD3CodeDesc,1,xmartFileEvent,N,Y,Y,N,getMapValue,String,UtilisationBSD3CodeDesc
attribute,XMART_SDM_PRODUCT,XmartSdmProducts,XmartSdmProduct,38,salesProductId,1,xmartFileEvent,N,Y,Y,N,getMapValue,String,SalesProductId
attribute,XMART_SDM_PRODUCT,XmartSdmProducts,XmartSdmProduct,39,securitisationCreditDerivInd,1,xmartFileEvent,N,Y,Y,N,getMapValue,String,SecuritisationCreditDerivInd
attribute,XMART_SDM_PRODUCT,XmartSdmProducts,XmartSdmProduct,40,miFIDProductClassification,1,xmartFileEvent,N,Y,Y,N,getMapValue,String,MiFIDProductClassification
attribute,XMART_SDM_PRODUCT,XmartSdmProducts,XmartSdmProduct,41,miFIDProductClassDesc,1,xmartFileEvent,N,Y,Y,N,getMapValue,String,MiFIDProductClassDesc
attribute,XMART_SDM_PRODUCT,XmartSdmProducts,XmartSdmProduct,42,miFIDDerivativeClassification,1,xmartFileEvent,N,Y,Y,N,getMapValue,String,MiFIDDerivativeClassification
attribute,XMART_SDM_PRODUCT,XmartSdmProducts,XmartSdmProduct,43,miFIDDerivativeClassDesc,1,xmartFileEvent,N,Y,Y,N,getMapValue,String,MiFIDDerivativeClassDesc
attribute,XMART_SDM_PRODUCT,XmartSdmProducts,XmartSdmProduct,44,securitisationTreatmentProduct,1,xmartFileEvent,N,Y,Y,N,getMapValue,String,SecuritisationTreatmentProduct
attribute,XMART_SDM_PRODUCT,XmartSdmProducts,XmartSdmProduct,45,securitisationTreatmentPrdDesc,1,xmartFileEvent,N,Y,Y,N,getMapValue,String,SecuritisationTreatmentPrdDesc
attribute,XMART_SDM_PRODUCT,XmartSdmProducts,XmartSdmProduct,46,miFIDEligibleDate,1,xmartFileEvent,N,Y,Y,N,getMapValue,String,MiFIDEligibleDate
attribute,XMART_SDM_PRODUCT,XmartSdmProducts,XmartSdmProduct,47,filler9,1,xmartFileEvent,N,Y,Y,N,getMapValue,String,Filler9
attribute,XMART_SDM_PRODUCT,XmartSdmProducts,XmartSdmProduct,48,filler10,1,xmartFileEvent,N,Y,Y,N,getMapValue,String,Filler10
attribute,XMART_SDM_PRODUCT,XmartSdmProducts,XmartSdmProduct,49,filler11,1,xmartFileEvent,N,Y,Y,N,getMapValue,String,Filler11
attribute,XMART_SDM_PRODUCT,XmartSdmProducts,XmartSdmProduct,50,filler12,1,xmartFileEvent,N,Y,Y,N,getMapValue,String,Filler12
attribute,XMART_SDM_PRODUCT,XmartSdmProducts,XmartSdmProduct,51,filler13,1,xmartFileEvent,N,Y,Y,N,getMapValue,String,Filler13
attribute,XMART_SDM_PRODUCT,XmartSdmProducts,XmartSdmProduct,52,filler14,1,xmartFileEvent,N,Y,Y,N,getMapValue,String,Filler14
attribute,XMART_SDM_PRODUCT,XmartSdmProducts,XmartSdmProduct,53,filler15,1,xmartFileEvent,N,Y,Y,N,getMapValue,String,Filler15
root,XMART_SDM_GLPRODUCT,XmartSdmGLProducts,XmartSdmGLProduct,1,xmartFileEvent,,,Y,,,,,,
attribute,XMART_SDM_GLPRODUCT,XmartSdmGLProducts,XmartSdmGLProduct,2,documentKey,1,xmartFileEvent,N,Y,Y,N,getDocumentKey,long,
attribute,XMART_SDM_GLPRODUCT,XmartSdmGLProducts,XmartSdmGLProduct,3,gLProductSegmentValue,1,xmartFileEvent,Y,Y,Y,N,getMapValue,String,GLProductSegmentValue
attribute,XMART_SDM_GLPRODUCT,XmartSdmGLProducts,XmartSdmGLProduct,4,description,1,xmartFileEvent,N,Y,Y,N,getMapValue,String,Description
attribute,XMART_SDM_GLPRODUCT,XmartSdmGLProducts,XmartSdmGLProduct,5,gLProductRuleGroup,1,xmartFileEvent,N,Y,Y,N,getMapValue,String,GLProductRuleGroup
attribute,XMART_SDM_GLPRODUCT,XmartSdmGLProducts,XmartSdmGLProduct,6,gLProductRuleGrpDesc,1,xmartFileEvent,N,Y,Y,N,getMapValue,String,GLProductRuleGrpDesc
attribute,XMART_SDM_GLPRODUCT,XmartSdmGLProducts,XmartSdmGLProduct,7,exchangeTradedIndicator,1,xmartFileEvent,N,Y,Y,N,getMapValue,String,ExchangeTradedIndicator
attribute,XMART_SDM_GLPRODUCT,XmartSdmGLProducts,XmartSdmGLProduct,8,exchangeTradedIndDesc,1,xmartFileEvent,N,Y,Y,N,getMapValue,String,ExchangeTradedIndDesc
attribute,XMART_SDM_GLPRODUCT,XmartSdmGLProducts,XmartSdmGLProduct,9,effectiveDate,1,xmartFileEvent,N,Y,Y,N,getMapValue,String,EffectiveDate
attribute,XMART_SDM_GLPRODUCT,XmartSdmGLProducts,XmartSdmGLProduct,10,iNVClass,1,xmartFileEvent,N,Y,Y,N,getMapValue,String,INVClass
attribute,XMART_SDM_GLPRODUCT,XmartSdmGLProducts,XmartSdmGLProduct,11,iNVClassDesc,1,xmartFileEvent,N,Y,Y,N,getMapValue,String,INVClassDesc
attribute,XMART_SDM_GLPRODUCT,XmartSdmGLProducts,XmartSdmGLProduct,12,riskRecTreatmentInd,1,xmartFileEvent,N,Y,Y,N,getMapValue,String,RiskRecTreatmentInd
attribute,XMART_SDM_GLPRODUCT,XmartSdmGLProducts,XmartSdmGLProduct,13,riskRecTreatmentIndDesc,1,xmartFileEvent,N,Y,Y,N,getMapValue,String,RiskRecTreatmentIndDesc
attribute,XMART_SDM_GLPRODUCT,XmartSdmGLProducts,XmartSdmGLProduct,14,dealMatchingProductClass,1,xmartFileEvent,N,Y,Y,N,getMapValue,String,DealMatchingProductClass
attribute,XMART_SDM_GLPRODUCT,XmartSdmGLProducts,XmartSdmGLProduct,15,dealMatchingProductClassDesc,1,xmartFileEvent,N,Y,Y,N,getMapValue,String,DealMatchingProductClassDesc
attribute,XMART_SDM_GLPRODUCT,XmartSdmGLProducts,XmartSdmGLProduct,16,bOEProductCategoryCode,1,xmartFileEvent,N,Y,Y,N,getMapValue,String,BOEProductCategoryCode
attribute,XMART_SDM_GLPRODUCT,XmartSdmGLProducts,XmartSdmGLProduct,17,bOEProductCategoryCodeDesc,1,xmartFileEvent,N,Y,Y,N,getMapValue,String,BOEProductCategoryCodeDesc
attribute,XMART_SDM_GLPRODUCT,XmartSdmGLProducts,XmartSdmGLProduct,18,parentId,1,xmartFileEvent,N,Y,Y,N,getMapValue,String,ParentId
attribute,XMART_SDM_GLPRODUCT,XmartSdmGLProducts,XmartSdmGLProduct,19,salesGLProductSegmentValue,1,xmartFileEvent,N,Y,Y,N,getMapValue,String,SalesGLProductSegmentValue
attribute,XMART_SDM_GLPRODUCT,XmartSdmGLProducts,XmartSdmGLProduct,20,productBOEInternalCategoryCode,1,xmartFileEvent,N,Y,Y,N,getMapValue,String,ProductBOEInternalCategoryCode
attribute,XMART_SDM_GLPRODUCT,XmartSdmGLProducts,XmartSdmGLProduct,21,productBOEIntCatgoryCodeDesc,1,xmartFileEvent,N,Y,Y,N,getMapValue,String,ProductBOEIntCatgoryCodeDesc
attribute,XMART_SDM_GLPRODUCT,XmartSdmGLProducts,XmartSdmGLProduct,22,cBIProductCategoryCode,1,xmartFileEvent,N,Y,Y,N,getMapValue,String,CBIProductCategoryCode
attribute,XMART_SDM_GLPRODUCT,XmartSdmGLProducts,XmartSdmGLProduct,23,productBOECategoryCode,1,xmartFileEvent,N,Y,Y,N,getMapValue,String,ProductBOECategoryCode
attribute,XMART_SDM_GLPRODUCT,XmartSdmGLProducts,XmartSdmGLProduct,24,statProductCategory,1,xmartFileEvent,N,Y,Y,N,getMapValue,String,StatProductCategory
attribute,XMART_SDM_GLPRODUCT,XmartSdmGLProducts,XmartSdmGLProduct,25,statProductCategoryDesc,1,xmartFileEvent,N,Y,Y,N,getMapValue,String,StatProductCategoryDesc
attribute,XMART_SDM_GLPRODUCT,XmartSdmGLProducts,XmartSdmGLProduct,26,statProductClass,1,xmartFileEvent,N,Y,Y,N,getMapValue,String,StatProductClass
attribute,XMART_SDM_GLPRODUCT,XmartSdmGLProducts,XmartSdmGLProduct,27,statProductClassDesc,1,xmartFileEvent,N,Y,Y,N,getMapValue,String,StatProductClassDesc
attribute,XMART_SDM_GLPRODUCT,XmartSdmGLProducts,XmartSdmGLProduct,28,statProductSummary,1,xmartFileEvent,N,Y,Y,N,getMapValue,String,StatProductSummary
attribute,XMART_SDM_GLPRODUCT,XmartSdmGLProducts,XmartSdmGLProduct,29,statProductSummaryDesc,1,xmartFileEvent,N,Y,Y,N,getMapValue,String,StatProductSummaryDesc
attribute,XMART_SDM_GLPRODUCT,XmartSdmGLProducts,XmartSdmGLProduct,30,statProductGrouping,1,xmartFileEvent,N,Y,Y,N,getMapValue,String,StatProductGrouping
attribute,XMART_SDM_GLPRODUCT,XmartSdmGLProducts,XmartSdmGLProduct,31,statProductGroupingDesc,1,xmartFileEvent,N,Y,Y,N,getMapValue,String,StatProductGroupingDesc
attribute,XMART_SDM_GLPRODUCT,XmartSdmGLProducts,XmartSdmGLProduct,32,baselFeedProductCategoryId,1,xmartFileEvent,N,Y,Y,N,getMapValue,String,BaselFeedProductCategoryId
attribute,XMART_SDM_GLPRODUCT,XmartSdmGLProducts,XmartSdmGLProduct,33,baselFeedPrdCatgoryIdDesc,1,xmartFileEvent,N,Y,Y,N,getMapValue,String,BaselFeedPrdCatgoryIdDesc
attribute,XMART_SDM_GLPRODUCT,XmartSdmGLProducts,XmartSdmGLProduct,34,accountingEventProductGroup,1,xmartFileEvent,N,Y,Y,N,getMapValue,String,AccountingEventProductGroup
attribute,XMART_SDM_GLPRODUCT,XmartSdmGLProducts,XmartSdmGLProduct,35,accountingEventProdGrpDesc,1,xmartFileEvent,N,Y,Y,N,getMapValue,String,AccountingEventProdGrpDesc
attribute,XMART_SDM_GLPRODUCT,XmartSdmGLProducts,XmartSdmGLProduct,36,filler3,1,xmartFileEvent,N,Y,Y,N,getMapValue,String,Filler3
attribute,XMART_SDM_GLPRODUCT,XmartSdmGLProducts,XmartSdmGLProduct,37,filler4,1,xmartFileEvent,N,Y,Y,N,getMapValue,String,Filler4
attribute,XMART_SDM_GLPRODUCT,XmartSdmGLProducts,XmartSdmGLProduct,38,filler5,1,xmartFileEvent,N,Y,Y,N,getMapValue,String,Filler5
attribute,XMART_SDM_GLPRODUCT,XmartSdmGLProducts,XmartSdmGLProduct,39,filler6,1,xmartFileEvent,N,Y,Y,N,getMapValue,String,Filler6
attribute,XMART_SDM_GLPRODUCT,XmartSdmGLProducts,XmartSdmGLProduct,40,filler7,1,xmartFileEvent,N,Y,Y,N,getMapValue,String,Filler7
attribute,XMART_SDM_GLPRODUCT,XmartSdmGLProducts,XmartSdmGLProduct,41,filler8,1,xmartFileEvent,N,Y,Y,N,getMapValue,String,Filler8
attribute,XMART_SDM_GLPRODUCT,XmartSdmGLProducts,XmartSdmGLProduct,42,filler9,1,xmartFileEvent,N,Y,Y,N,getMapValue,String,Filler9
attribute,XMART_SDM_GLPRODUCT,XmartSdmGLProducts,XmartSdmGLProduct,43,filler10,1,xmartFileEvent,N,Y,Y,N,getMapValue,String,Filler10
attribute,XMART_SDM_GLPRODUCT,XmartSdmGLProducts,XmartSdmGLProduct,44,filler11,1,xmartFileEvent,N,Y,Y,N,getMapValue,String,Filler11
attribute,XMART_SDM_GLPRODUCT,XmartSdmGLProducts,XmartSdmGLProduct,45,filler12,1,xmartFileEvent,N,Y,Y,N,getMapValue,String,Filler12
attribute,XMART_SDM_GLPRODUCT,XmartSdmGLProducts,XmartSdmGLProduct,46,filler13,1,xmartFileEvent,N,Y,Y,N,getMapValue,String,Filler13
attribute,XMART_SDM_GLPRODUCT,XmartSdmGLProducts,XmartSdmGLProduct,47,filler14,1,xmartFileEvent,N,Y,Y,N,getMapValue,String,Filler14
root,XMART_SDM_LEDGERBOOK,XmartSdmLedgerbooks,XmartSdmLedgerbook,1,xmartFileEvent,,,Y,,,,,,
attribute,XMART_SDM_LEDGERBOOK,XmartSdmLedgerbooks,XmartSdmLedgerbook,2,documentKey,1,xmartFileEvent,N,Y,Y,N,getDocumentKey,long,
attribute,XMART_SDM_LEDGERBOOK,XmartSdmLedgerbooks,XmartSdmLedgerbook,3,ledgerBookId,1,xmartFileEvent,Y,Y,Y,N,getMapValue,String,LedgerBookId
attribute,XMART_SDM_LEDGERBOOK,XmartSdmLedgerbooks,XmartSdmLedgerbook,4,name,1,xmartFileEvent,N,Y,Y,N,getMapValue,String,Name
attribute,XMART_SDM_LEDGERBOOK,XmartSdmLedgerbooks,XmartSdmLedgerbook,5,parentCostCentreId,1,xmartFileEvent,N,Y,Y,N,getMapValue,String,ParentCostCentreId
attribute,XMART_SDM_LEDGERBOOK,XmartSdmLedgerbooks,XmartSdmLedgerbook,6,parentTraderPortfolioId,1,xmartFileEvent,N,Y,Y,N,getMapValue,String,ParentTraderPortfolioId
attribute,XMART_SDM_LEDGERBOOK,XmartSdmLedgerbooks,XmartSdmLedgerbook,7,traderPortfolioIdDesc,1,xmartFileEvent,N,Y,Y,N,getMapValue,String,TraderPortfolioIdDesc
attribute,XMART_SDM_LEDGERBOOK,XmartSdmLedgerbooks,XmartSdmLedgerbook,8,parentRiskPortfolioId,1,xmartFileEvent,N,Y,Y,N,getMapValue,String,ParentRiskPortfolioId
attribute,XMART_SDM_LEDGERBOOK,XmartSdmLedgerbooks,XmartSdmLedgerbook,9,riskPortfolioIdDesc,1,xmartFileEvent,N,Y,Y,N,getMapValue,String,RiskPortfolioIdDesc
attribute,XMART_SDM_LEDGERBOOK,XmartSdmLedgerbooks,XmartSdmLedgerbook,10,futuresClassificationId,1,xmartFileEvent,N,Y,Y,N,getMapValue,String,FuturesClassificationId
attribute,XMART_SDM_LEDGERBOOK,XmartSdmLedgerbooks,XmartSdmLedgerbook,11,futuresClassificationIdDesc,1,xmartFileEvent,N,Y,Y,N,getMapValue,String,FuturesClassificationIdDesc
attribute,XMART_SDM_LEDGERBOOK,XmartSdmLedgerbooks,XmartSdmLedgerbook,12,gLPostingStatusCode,1,xmartFileEvent,N,Y,Y,N,getMapValue,String,GLPostingStatusCode
attribute,XMART_SDM_LEDGERBOOK,XmartSdmLedgerbooks,XmartSdmLedgerbook,13,gLPostingStatusCodeDesc,1,xmartFileEvent,N,Y,Y,N,getMapValue,String,GLPostingStatusCodeDesc
attribute,XMART_SDM_LEDGERBOOK,XmartSdmLedgerbooks,XmartSdmLedgerbook,14,walkerPostingSource,1,xmartFileEvent,N,Y,Y,N,getMapValue,String,WalkerPostingSource
attribute,XMART_SDM_LEDGERBOOK,XmartSdmLedgerbooks,XmartSdmLedgerbook,15,walkerPostingSourceDesc,1,xmartFileEvent,N,Y,Y,N,getMapValue,String,WalkerPostingSourceDesc
attribute,XMART_SDM_LEDGERBOOK,XmartSdmLedgerbooks,XmartSdmLedgerbook,16,walkerPostingIndicator,1,xmartFileEvent,N,Y,Y,N,getMapValue,String,WalkerPostingIndicator
attribute,XMART_SDM_LEDGERBOOK,XmartSdmLedgerbooks,XmartSdmLedgerbook,17,walkerPostingIndicatorDesc,1,xmartFileEvent,N,Y,Y,N,getMapValue,String,WalkerPostingIndicatorDesc
attribute,XMART_SDM_LEDGERBOOK,XmartSdmLedgerbooks,XmartSdmLedgerbook,18,ledgerBookType,1,xmartFileEvent,N,Y,Y,N,getMapValue,String,LedgerBookType
attribute,XMART_SDM_LEDGERBOOK,XmartSdmLedgerbooks,XmartSdmLedgerbook,19,ledgerBookTypeDesc,1,xmartFileEvent,N,Y,Y,N,getMapValue,String,LedgerBookTypeDesc
attribute,XMART_SDM_LEDGERBOOK,XmartSdmLedgerbooks,XmartSdmLedgerbook,20,taxTreatment,1,xmartFileEvent,N,Y,Y,N,getMapValue,String,TaxTreatment
attribute,XMART_SDM_LEDGERBOOK,XmartSdmLedgerbooks,XmartSdmLedgerbook,21,taxTreatmentDesc,1,xmartFileEvent,N,Y,Y,N,getMapValue,String,TaxTreatmentDesc
attribute,XMART_SDM_LEDGERBOOK,XmartSdmLedgerbooks,XmartSdmLedgerbook,22,primaryTradingCity,1,xmartFileEvent,N,Y,Y,N,getMapValue,String,PrimaryTradingCity
attribute,XMART_SDM_LEDGERBOOK,XmartSdmLedgerbooks,XmartSdmLedgerbook,23,tradingCityName,1,xmartFileEvent,N,Y,Y,N,getMapValue,String,TradingCityName
attribute,XMART_SDM_LEDGERBOOK,XmartSdmLedgerbooks,XmartSdmLedgerbook,24,parentCtryCdOfTradingCity,1,xmartFileEvent,N,Y,Y,N,getMapValue,String,ParentCtryCdOfTradingCity
attribute,XMART_SDM_LEDGERBOOK,XmartSdmLedgerbooks,XmartSdmLedgerbook,25,ledgerSetOfBooksId,1,xmartFileEvent,N,Y,Y,N,getMapValue,String,LedgerSetOfBooksId
attribute,XMART_SDM_LEDGERBOOK,XmartSdmLedgerbooks,XmartSdmLedgerbook,26,ledgerSetOfBooksIdDesc,1,xmartFileEvent,N,Y,Y,N,getMapValue,String,LedgerSetOfBooksIdDesc
attribute,XMART_SDM_LEDGERBOOK,XmartSdmLedgerbooks,XmartSdmLedgerbook,27,ledgerSetOfBooksIdFuncCurr,1,xmartFileEvent,N,Y,Y,N,getMapValue,String,LedgerSetOfBooksIdFuncCurr
attribute,XMART_SDM_LEDGERBOOK,XmartSdmLedgerbooks,XmartSdmLedgerbook,28,traderEmailAddress,1,xmartFileEvent,N,Y,Y,N,getMapValue,String,TraderEmailAddress
attribute,XMART_SDM_LEDGERBOOK,XmartSdmLedgerbooks,XmartSdmLedgerbook,29,traderName,1,xmartFileEvent,N,Y,Y,N,getMapValue,String,TraderName
attribute,XMART_SDM_LEDGERBOOK,XmartSdmLedgerbooks,XmartSdmLedgerbook,30,traderContractNumber,1,xmartFileEvent,N,Y,Y,N,getMapValue,String,TraderContractNumber
attribute,XMART_SDM_LEDGERBOOK,XmartSdmLedgerbooks,XmartSdmLedgerbook,31,secTraderEmailAddress,1,xmartFileEvent,N,Y,Y,N,getMapValue,String,SecTraderEmailAddress
attribute,XMART_SDM_LEDGERBOOK,XmartSdmLedgerbooks,XmartSdmLedgerbook,32,secTraderName,1,xmartFileEvent,N,Y,Y,N,getMapValue,String,SecTraderName
attribute,XMART_SDM_LEDGERBOOK,XmartSdmLedgerbooks,XmartSdmLedgerbook,33,secTraderContractNumber,1,xmartFileEvent,N,Y,Y,N,getMapValue,String,SecTraderContractNumber
attribute,XMART_SDM_LEDGERBOOK,XmartSdmLedgerbooks,XmartSdmLedgerbook,34,opsPostKeeperEmailAddress,1,xmartFileEvent,N,Y,Y,N,getMapValue,String,OpsPostKeeperEmailAddress
attribute,XMART_SDM_LEDGERBOOK,XmartSdmLedgerbooks,XmartSdmLedgerbook,35,opsPostKeeperrName,1,xmartFileEvent,N,Y,Y,N,getMapValue,String,OpsPostKeeperrName
attribute,XMART_SDM_LEDGERBOOK,XmartSdmLedgerbooks,XmartSdmLedgerbook,36,opsPostKeeperContractNumber,1,xmartFileEvent,N,Y,Y,N,getMapValue,String,OpsPostKeeperContractNumber
attribute,XMART_SDM_LEDGERBOOK,XmartSdmLedgerbooks,XmartSdmLedgerbook,37,accountingPolicyCode,1,xmartFileEvent,N,Y,Y,N,getMapValue,String,AccountingPolicyCode
attribute,XMART_SDM_LEDGERBOOK,XmartSdmLedgerbooks,XmartSdmLedgerbook,38,accountingPolicyCdDesc,1,xmartFileEvent,N,Y,Y,N,getMapValue,String,AccountingPolicyCdDesc
attribute,XMART_SDM_LEDGERBOOK,XmartSdmLedgerbooks,XmartSdmLedgerbook,39,cABAGLAccountId,1,xmartFileEvent,N,Y,Y,N,getMapValue,String,CABAGLAccountId
attribute,XMART_SDM_LEDGERBOOK,XmartSdmLedgerbooks,XmartSdmLedgerbook,40,wSSLedgerMapKey,1,xmartFileEvent,N,Y,Y,N,getMapValue,String,WSSLedgerMapKey
attribute,XMART_SDM_LEDGERBOOK,XmartSdmLedgerbooks,XmartSdmLedgerbook,41,wSSLedgerMapKeyDesc,1,xmartFileEvent,N,Y,Y,N,getMapValue,String,WSSLedgerMapKeyDesc
attribute,XMART_SDM_LEDGERBOOK,XmartSdmLedgerbooks,XmartSdmLedgerbook,42,wSSGL,1,xmartFileEvent,N,Y,Y,N,getMapValue,String,WSSGL
attribute,XMART_SDM_LEDGERBOOK,XmartSdmLedgerbooks,XmartSdmLedgerbook,43,futuresDualKeyIndicator,1,xmartFileEvent,N,Y,Y,N,getMapValue,String,FuturesDualKeyIndicator
attribute,XMART_SDM_LEDGERBOOK,XmartSdmLedgerbooks,XmartSdmLedgerbook,44,futuresDualKeyIdDesc,1,xmartFileEvent,N,Y,Y,N,getMapValue,String,FuturesDualKeyIdDesc
attribute,XMART_SDM_LEDGERBOOK,XmartSdmLedgerbooks,XmartSdmLedgerbook,45,bookReconcileEmailAddress,1,xmartFileEvent,N,Y,Y,N,getMapValue,String,BookReconcileEmailAddress
attribute,XMART_SDM_LEDGERBOOK,XmartSdmLedgerbooks,XmartSdmLedgerbook,46,bookReconcilerName,1,xmartFileEvent,N,Y,Y,N,getMapValue,String,BookReconcilerName
attribute,XMART_SDM_LEDGERBOOK,XmartSdmLedgerbooks,XmartSdmLedgerbook,47,bookReconcileContractNumber,1,xmartFileEvent,N,Y,Y,N,getMapValue,String,BookReconcileContractNumber
attribute,XMART_SDM_LEDGERBOOK,XmartSdmLedgerbooks,XmartSdmLedgerbook,48,derivDisclosureIndicator,1,xmartFileEvent,N,Y,Y,N,getMapValue,String,DerivDisclosureIndicator
attribute,XMART_SDM_LEDGERBOOK,XmartSdmLedgerbooks,XmartSdmLedgerbook,49,derivDisclosureIndicatorDesc,1,xmartFileEvent,N,Y,Y,N,getMapValue,String,DerivDisclosureIndicatorDesc
attribute,XMART_SDM_LEDGERBOOK,XmartSdmLedgerbooks,XmartSdmLedgerbook,50,effectiveDate,1,xmartFileEvent,N,Y,Y,N,getMapValue,String,EffectiveDate
attribute,XMART_SDM_LEDGERBOOK,XmartSdmLedgerbooks,XmartSdmLedgerbook,51,createDateTime,1,xmartFileEvent,N,Y,Y,N,getMapValue,String,CreateDateTime
attribute,XMART_SDM_LEDGERBOOK,XmartSdmLedgerbooks,XmartSdmLedgerbook,52,bookId,1,xmartFileEvent,N,Y,Y,N,getMapValue,String,BookId
attribute,XMART_SDM_LEDGERBOOK,XmartSdmLedgerbooks,XmartSdmLedgerbook,53,system,1,xmartFileEvent,N,Y,Y,N,getMapValue,String,System
attribute,XMART_SDM_LEDGERBOOK,XmartSdmLedgerbooks,XmartSdmLedgerbook,54,portfolio,1,xmartFileEvent,N,Y,Y,N,getMapValue,String,Portfolio
attribute,XMART_SDM_LEDGERBOOK,XmartSdmLedgerbooks,XmartSdmLedgerbook,55,tradingBanking,1,xmartFileEvent,N,Y,Y,N,getMapValue,String,TradingBanking
attribute,XMART_SDM_LEDGERBOOK,XmartSdmLedgerbooks,XmartSdmLedgerbook,56,productPortfolioId,1,xmartFileEvent,N,Y,Y,N,getMapValue,String,ProductPortfolioId
attribute,XMART_SDM_LEDGERBOOK,XmartSdmLedgerbooks,XmartSdmLedgerbook,57,productPortfolioIdDesc,1,xmartFileEvent,N,Y,Y,N,getMapValue,String,ProductPortfolioIdDesc
attribute,XMART_SDM_LEDGERBOOK,XmartSdmLedgerbooks,XmartSdmLedgerbook,58,targetCentralFTPBookId,1,xmartFileEvent,N,Y,Y,N,getMapValue,String,TargetCentralFTPBookId
attribute,XMART_SDM_LEDGERBOOK,XmartSdmLedgerbooks,XmartSdmLedgerbook,59,targetCurrencySaleBookId,1,xmartFileEvent,N,Y,Y,N,getMapValue,String,TargetCurrencySaleBookId
attribute,XMART_SDM_LEDGERBOOK,XmartSdmLedgerbooks,XmartSdmLedgerbook,60,parentTradingModelId,1,xmartFileEvent,N,Y,Y,N,getMapValue,String,ParentTradingModelId
attribute,XMART_SDM_LEDGERBOOK,XmartSdmLedgerbooks,XmartSdmLedgerbook,61,parentTradingModelIdDesc,1,xmartFileEvent,N,Y,Y,N,getMapValue,String,ParentTradingModelIdDesc
attribute,XMART_SDM_LEDGERBOOK,XmartSdmLedgerbooks,XmartSdmLedgerbook,62,mMCashReconciliationType,1,xmartFileEvent,N,Y,Y,N,getMapValue,String,MMCashReconciliationType
attribute,XMART_SDM_LEDGERBOOK,XmartSdmLedgerbooks,XmartSdmLedgerbook,63,mMCashReconciliationTypeDesc,1,xmartFileEvent,N,Y,Y,N,getMapValue,String,MMCashReconciliationTypeDesc
attribute,XMART_SDM_LEDGERBOOK,XmartSdmLedgerbooks,XmartSdmLedgerbook,64,bidOfferReserveBookCode,1,xmartFileEvent,N,Y,Y,N,getMapValue,String,BidOfferReserveBookCode
attribute,XMART_SDM_LEDGERBOOK,XmartSdmLedgerbooks,XmartSdmLedgerbook,65,lastDayBasisNPVIndicator,1,xmartFileEvent,N,Y,Y,N,getMapValue,String,LastDayBasisNPVIndicator
attribute,XMART_SDM_LEDGERBOOK,XmartSdmLedgerbooks,XmartSdmLedgerbook,66,lastDayBasisNPVIndicatorDesc,1,xmartFileEvent,N,Y,Y,N,getMapValue,String,LastDayBasisNPVIndicatorDesc
attribute,XMART_SDM_LEDGERBOOK,XmartSdmLedgerbooks,XmartSdmLedgerbook,67,bookControllingCountryCode,1,xmartFileEvent,N,Y,Y,N,getMapValue,String,BookControllingCountryCode
attribute,XMART_SDM_LEDGERBOOK,XmartSdmLedgerbooks,XmartSdmLedgerbook,68,replicationCode,1,xmartFileEvent,N,Y,Y,N,getMapValue,String,ReplicationCode
attribute,XMART_SDM_LEDGERBOOK,XmartSdmLedgerbooks,XmartSdmLedgerbook,69,replicationCodeDesc,1,xmartFileEvent,N,Y,Y,N,getMapValue,String,ReplicationCodeDesc
attribute,XMART_SDM_LEDGERBOOK,XmartSdmLedgerbooks,XmartSdmLedgerbook,70,parentDeskPortfolio,1,xmartFileEvent,N,Y,Y,N,getMapValue,String,ParentDeskPortfolio
attribute,XMART_SDM_LEDGERBOOK,XmartSdmLedgerbooks,XmartSdmLedgerbook,71,parentDeskPortfolioDesc,1,xmartFileEvent,N,Y,Y,N,getMapValue,String,ParentDeskPortfolioDesc
attribute,XMART_SDM_LEDGERBOOK,XmartSdmLedgerbooks,XmartSdmLedgerbook,72,aBNBusinessUnit,1,xmartFileEvent,N,Y,Y,N,getMapValue,String,ABNBusinessUnit
attribute,XMART_SDM_LEDGERBOOK,XmartSdmLedgerbooks,XmartSdmLedgerbook,73,aBNBusinessUnitDesc,1,xmartFileEvent,N,Y,Y,N,getMapValue,String,ABNBusinessUnitDesc
attribute,XMART_SDM_LEDGERBOOK,XmartSdmLedgerbooks,XmartSdmLedgerbook,74,aBNReportingUnit,1,xmartFileEvent,N,Y,Y,N,getMapValue,String,ABNReportingUnit
attribute,XMART_SDM_LEDGERBOOK,XmartSdmLedgerbooks,XmartSdmLedgerbook,75,aBNReportingUnitDesc,1,xmartFileEvent,N,Y,Y,N,getMapValue,String,ABNReportingUnitDesc
attribute,XMART_SDM_LEDGERBOOK,XmartSdmLedgerbooks,XmartSdmLedgerbook,76,positionBookId,1,xmartFileEvent,N,Y,Y,N,getMapValue,String,PositionBookId
attribute,XMART_SDM_LEDGERBOOK,XmartSdmLedgerbooks,XmartSdmLedgerbook,77,pVSourceNonFunding,1,xmartFileEvent,N,Y,Y,N,getMapValue,String,PVSourceNonFunding
attribute,XMART_SDM_LEDGERBOOK,XmartSdmLedgerbooks,XmartSdmLedgerbook,78,pVSourceNonFundingDesc,1,xmartFileEvent,N,Y,Y,N,getMapValue,String,PVSourceNonFundingDesc
attribute,XMART_SDM_LEDGERBOOK,XmartSdmLedgerbooks,XmartSdmLedgerbook,79,bookReconcilerEcdId,1,xmartFileEvent,N,Y,Y,N,getMapValue,String,BookReconcilerEcdId
attribute,XMART_SDM_LEDGERBOOK,XmartSdmLedgerbooks,XmartSdmLedgerbook,80,delegateReconcilerEcdId,1,xmartFileEvent,N,Y,Y,N,getMapValue,String,DelegateReconcilerEcdId
attribute,XMART_SDM_LEDGERBOOK,XmartSdmLedgerbooks,XmartSdmLedgerbook,81,markedforClosurePersonId,1,xmartFileEvent,N,Y,Y,N,getMapValue,String,MarkedforClosurePersonId
attribute,XMART_SDM_LEDGERBOOK,XmartSdmLedgerbooks,XmartSdmLedgerbook,82,markedForClosurePersonName,1,xmartFileEvent,N,Y,Y,N,getMapValue,String,MarkedForClosurePersonName
attribute,XMART_SDM_LEDGERBOOK,XmartSdmLedgerbooks,XmartSdmLedgerbook,83,markedForClosureDate,1,xmartFileEvent,N,Y,Y,N,getMapValue,String,MarkedForClosureDate
attribute,XMART_SDM_LEDGERBOOK,XmartSdmLedgerbooks,XmartSdmLedgerbook,84,traderEcdId,1,xmartFileEvent,N,Y,Y,N,getMapValue,String,TraderEcdId
attribute,XMART_SDM_LEDGERBOOK,XmartSdmLedgerbooks,XmartSdmLedgerbook,85,sourceSystemRecTeamId,1,xmartFileEvent,N,Y,Y,N,getMapValue,String,SourceSystemRecTeamId
attribute,XMART_SDM_LEDGERBOOK,XmartSdmLedgerbooks,XmartSdmLedgerbook,86,cashFundingMethodType,1,xmartFileEvent,N,Y,Y,N,getMapValue,String,CashFundingMethodType
attribute,XMART_SDM_LEDGERBOOK,XmartSdmLedgerbooks,XmartSdmLedgerbook,87,cashFundingMethodTypeDesc,1,xmartFileEvent,N,Y,Y,N,getMapValue,String,CashFundingMethodTypeDesc
attribute,XMART_SDM_LEDGERBOOK,XmartSdmLedgerbooks,XmartSdmLedgerbook,88,prudentialValuationInd,1,xmartFileEvent,N,Y,Y,N,getMapValue,String,PrudentialValuationInd
attribute,XMART_SDM_LEDGERBOOK,XmartSdmLedgerbooks,XmartSdmLedgerbook,89,prudentialValuationIndDesc,1,xmartFileEvent,N,Y,Y,N,getMapValue,String,PrudentialValuationIndDesc
attribute,XMART_SDM_LEDGERBOOK,XmartSdmLedgerbooks,XmartSdmLedgerbook,90,profitLossAttributionInd,1,xmartFileEvent,N,Y,Y,N,getMapValue,String,ProfitLossAttributionInd
attribute,XMART_SDM_LEDGERBOOK,XmartSdmLedgerbooks,XmartSdmLedgerbook,91,profitLossAttributionIndDesc,1,xmartFileEvent,N,Y,Y,N,getMapValue,String,ProfitLossAttributionIndDesc
attribute,XMART_SDM_LEDGERBOOK,XmartSdmLedgerbooks,XmartSdmLedgerbook,92,independentPVIndicator,1,xmartFileEvent,N,Y,Y,N,getMapValue,String,IndependentPVIndicator
attribute,XMART_SDM_LEDGERBOOK,XmartSdmLedgerbooks,XmartSdmLedgerbook,93,independentPVIndicatorDesc,1,xmartFileEvent,N,Y,Y,N,getMapValue,String,IndependentPVIndicatorDesc
attribute,XMART_SDM_LEDGERBOOK,XmartSdmLedgerbooks,XmartSdmLedgerbook,94,gCLOrganisationUnitId,1,xmartFileEvent,N,Y,Y,N,getMapValue,String,GCLOrganisationUnitId
attribute,XMART_SDM_LEDGERBOOK,XmartSdmLedgerbooks,XmartSdmLedgerbook,95,filler2,1,xmartFileEvent,N,Y,Y,N,getMapValue,String,Filler2
attribute,XMART_SDM_LEDGERBOOK,XmartSdmLedgerbooks,XmartSdmLedgerbook,96,filler3,1,xmartFileEvent,N,Y,Y,N,getMapValue,String,Filler3
attribute,XMART_SDM_LEDGERBOOK,XmartSdmLedgerbooks,XmartSdmLedgerbook,97,filler4,1,xmartFileEvent,N,Y,Y,N,getMapValue,String,Filler4
attribute,XMART_SDM_LEDGERBOOK,XmartSdmLedgerbooks,XmartSdmLedgerbook,98,filler5,1,xmartFileEvent,N,Y,Y,N,getMapValue,String,Filler5
attribute,XMART_SDM_LEDGERBOOK,XmartSdmLedgerbooks,XmartSdmLedgerbook,99,filler6,1,xmartFileEvent,N,Y,Y,N,getMapValue,String,Filler6
attribute,XMART_SDM_LEDGERBOOK,XmartSdmLedgerbooks,XmartSdmLedgerbook,100,filler7,1,xmartFileEvent,N,Y,Y,N,getMapValue,String,Filler7
attribute,XMART_SDM_LEDGERBOOK,XmartSdmLedgerbooks,XmartSdmLedgerbook,101,filler8,1,xmartFileEvent,N,Y,Y,N,getMapValue,String,Filler8
attribute,XMART_SDM_LEDGERBOOK,XmartSdmLedgerbooks,XmartSdmLedgerbook,102,filler9,1,xmartFileEvent,N,Y,Y,N,getMapValue,String,Filler9
attribute,XMART_SDM_LEDGERBOOK,XmartSdmLedgerbooks,XmartSdmLedgerbook,103,filler10,1,xmartFileEvent,N,Y,Y,N,getMapValue,String,Filler10
root,XMART_SDM_GLBOOKSET,XmartSdmGlbooksets,XmartSdmGlbookset,1,xmartFileEvent,,,Y,,,,,,
attribute,XMART_SDM_GLBOOKSET,XmartSdmGlbooksets,XmartSdmGlbookset,2,documentKey,1,xmartFileEvent,N,Y,Y,N,getDocumentKey,long,
attribute,XMART_SDM_GLBOOKSET,XmartSdmGlbooksets,XmartSdmGlbookset,3,gLBookSetId,1,xmartFileEvent,N,Y,Y,N,getMapValue,String,GLBookSetId
attribute,XMART_SDM_GLBOOKSET,XmartSdmGlbooksets,XmartSdmGlbookset,4,name,1,xmartFileEvent,N,Y,Y,N,getMapValue,String,Name
attribute,XMART_SDM_GLBOOKSET,XmartSdmGlbooksets,XmartSdmGlbookset,5,functionalCurrency,1,xmartFileEvent,N,Y,Y,N,getMapValue,String,FunctionalCurrency
attribute,XMART_SDM_GLBOOKSET,XmartSdmGlbooksets,XmartSdmGlbookset,6,timeZone,1,xmartFileEvent,N,Y,Y,N,getMapValue,String,TimeZone
attribute,XMART_SDM_GLBOOKSET,XmartSdmGlbooksets,XmartSdmGlbookset,7,businessCentreCode,1,xmartFileEvent,N,Y,Y,N,getMapValue,String,BusinessCentreCode
attribute,XMART_SDM_GLBOOKSET,XmartSdmGlbooksets,XmartSdmGlbookset,8,filler2,1,xmartFileEvent,N,Y,Y,N,getMapValue,String,Filler2
attribute,XMART_SDM_GLBOOKSET,XmartSdmGlbooksets,XmartSdmGlbookset,9,filler3,1,xmartFileEvent,N,Y,Y,N,getMapValue,String,Filler3
attribute,XMART_SDM_GLBOOKSET,XmartSdmGlbooksets,XmartSdmGlbookset,10,filler4,1,xmartFileEvent,N,Y,Y,N,getMapValue,String,Filler4
attribute,XMART_SDM_GLBOOKSET,XmartSdmGlbooksets,XmartSdmGlbookset,11,filler5,1,xmartFileEvent,N,Y,Y,N,getMapValue,String,Filler5
attribute,XMART_SDM_GLBOOKSET,XmartSdmGlbooksets,XmartSdmGlbookset,12,filler6,1,xmartFileEvent,N,Y,Y,N,getMapValue,String,Filler6
attribute,XMART_SDM_GLBOOKSET,XmartSdmGlbooksets,XmartSdmGlbookset,13,filler7,1,xmartFileEvent,N,Y,Y,N,getMapValue,String,Filler7
attribute,XMART_SDM_GLBOOKSET,XmartSdmGlbooksets,XmartSdmGlbookset,14,filler8,1,xmartFileEvent,N,Y,Y,N,getMapValue,String,Filler8
attribute,XMART_SDM_GLBOOKSET,XmartSdmGlbooksets,XmartSdmGlbookset,15,filler9,1,xmartFileEvent,N,Y,Y,N,getMapValue,String,Filler9
attribute,XMART_SDM_GLBOOKSET,XmartSdmGlbooksets,XmartSdmGlbookset,16,filler10,1,xmartFileEvent,N,Y,Y,N,getMapValue,String,Filler10
root,XMART_COALITION,XmartCoalitions,XmartCoalition,1,xmartFileEvent,,,Y,,,,,,
attribute,XMART_COALITION,XmartCoalitions,XmartCoalition,2,documentKey,1,xmartFileEvent,N,Y,Y,N,getDocumentKey,long,
attribute,XMART_COALITION,XmartCoalitions,XmartCoalition,3,coalitionId,1,xmartFileEvent,Y,N,Y,N,getMapValue,long,Coalition ID
attribute,XMART_COALITION,XmartCoalitions,XmartCoalition,4,coalitionEntityName,1,xmartFileEvent,Y,N,Y,N,getMapValue,String,Coalition Entity Name
attribute,XMART_COALITION,XmartCoalitions,XmartCoalition,5,walletRegion,1,xmartFileEvent,N,Y,Y,N,getMapValue,String,Wallet Region
attribute,XMART_COALITION,XmartCoalitions,XmartCoalition,6,product,1,xmartFileEvent,N,Y,Y,N,getMapValue,String,Product
attribute,XMART_COALITION,XmartCoalitions,XmartCoalition,7,sOW,1,xmartFileEvent,N,Y,Y,N,getMapValue,String,SOW
attribute,XMART_COALITION,XmartCoalitions,XmartCoalition,8,rank,1,xmartFileEvent,N,Y,Y,N,getMapValue,String,Rank
attribute,XMART_COALITION,XmartCoalitions,XmartCoalition,9,gap2Top3,1,xmartFileEvent,N,Y,Y,N,getMapValue,long,Gap to top3 
attribute,XMART_COALITION,XmartCoalitions,XmartCoalition,10,reportingCycle,1,xmartFileEvent,N,Y,Y,N,getMapValue,String,Reporting Cycle
root,XMART_COALITION_MAPPING,XmartL3CoalitionMappings,XmartL3CoalitionMapping,1,xmartFileEvent,,,Y,,,,,,
attribute,XMART_COALITION_MAPPING,XmartL3CoalitionMappings,XmartL3CoalitionMapping,2,documentKey,1,xmartFileEvent,N,Y,Y,N,getDocumentKey,long,
attribute,XMART_COALITION_MAPPING,XmartL3CoalitionMappings,XmartL3CoalitionMapping,3,l3Id,1,xmartFileEvent,Y,N,Y,N,getMapValue,String,L3 ID
attribute,XMART_COALITION_MAPPING,XmartL3CoalitionMappings,XmartL3CoalitionMapping,4,l3Name,1,xmartFileEvent,Y,N,Y,N,getMapValue,String,L3 Name
attribute,XMART_COALITION_MAPPING,XmartL3CoalitionMappings,XmartL3CoalitionMapping,5,coalitionId,1,xmartFileEvent,Y,N,Y,N,getMapValue,String,Coalition ID
attribute,XMART_COALITION_MAPPING,XmartL3CoalitionMappings,XmartL3CoalitionMapping,6,coalitionEntityName,1,xmartFileEvent,Y,N,Y,N,getMapValue,String,Coalition Entity Name
root,XMART_RGL_ORGUNIT_MAPPING,XmartOrgUnitToCostCentreMappings,XmartOrgUnitToCostCentreMapping,1,xmartFileEvent,,,Y,,,,,,
attribute,XMART_RGL_ORGUNIT_MAPPING,XmartOrgUnitToCostCentreMappings,XmartOrgUnitToCostCentreMapping,2,documentKey,1,xmartFileEvent,N,Y,Y,N,getDocumentKey,long,
attribute,XMART_RGL_ORGUNIT_MAPPING,XmartOrgUnitToCostCentreMappings,XmartOrgUnitToCostCentreMapping,3,gLName,1,xmartFileEvent,N,N,Y,N,getMapValue,String,GlNAME
attribute,XMART_RGL_ORGUNIT_MAPPING,XmartOrgUnitToCostCentreMappings,XmartOrgUnitToCostCentreMapping,4,gLOrgunitPublishWlkCostCMap,1,xmartFileEvent,Y,N,Y,N,getMapValue,String,GLOrgunitPublishWlkCostCMap
attribute,XMART_RGL_ORGUNIT_MAPPING,XmartOrgUnitToCostCentreMappings,XmartOrgUnitToCostCentreMapping,5,fGLPublishStartDate,1,xmartFileEvent,N,N,Y,N,getMapValue,String,FGLPublishStartDate
attribute,XMART_RGL_ORGUNIT_MAPPING,XmartOrgUnitToCostCentreMappings,XmartOrgUnitToCostCentreMapping,6,fGLPublishEndDate,1,xmartFileEvent,N,N,Y,N,getMapValue,String,FGLPublishEndDate
attribute,XMART_RGL_ORGUNIT_MAPPING,XmartOrgUnitToCostCentreMappings,XmartOrgUnitToCostCentreMapping,7,lastchangedBy,1,xmartFileEvent,N,N,Y,N,getMapValue,String,LastChangedBy
root,XMART_RGL_ORGUNIT_HIERARCHY,XmartOrgUnitHierarchies,XmartOrgUnitHierarchy,1,xmartFileEvent,,,Y,,,,,,
attribute,XMART_RGL_ORGUNIT_HIERARCHY,XmartOrgUnitHierarchies,XmartOrgUnitHierarchy,2,documentKey,1,xmartFileEvent,N,Y,Y,N,getDocumentKey,long,
attribute,XMART_RGL_ORGUNIT_HIERARCHY,XmartOrgUnitHierarchies,XmartOrgUnitHierarchy,3,gLName,1,xmartFileEvent,Y,N,Y,N,getMapValue,String,GLName
attribute,XMART_RGL_ORGUNIT_HIERARCHY,XmartOrgUnitHierarchies,XmartOrgUnitHierarchy,4,gLParentName,1,xmartFileEvent,Y,N,Y,N,getMapValue,String,GLParentName
attribute,XMART_RGL_ORGUNIT_HIERARCHY,XmartOrgUnitHierarchies,XmartOrgUnitHierarchy,5,description,1,xmartFileEvent,Y,N,Y,N,getMapValue,String,Description
attribute,XMART_RGL_ORGUNIT_HIERARCHY,XmartOrgUnitHierarchies,XmartOrgUnitHierarchy,6,enabled,1,xmartFileEvent,Y,N,Y,N,getMapValue,String,Enabled
attribute,XMART_RGL_ORGUNIT_HIERARCHY,XmartOrgUnitHierarchies,XmartOrgUnitHierarchy,7,fGLAllowPosting,1,xmartFileEvent,N,N,Y,N,getMapValue,String,FGLAllowPosting
attribute,XMART_RGL_ORGUNIT_HIERARCHY,XmartOrgUnitHierarchies,XmartOrgUnitHierarchy,8,endDate,1,xmartFileEvent,N,N,Y,N,getMapValue,String,End_Date
attribute,XMART_RGL_ORGUNIT_HIERARCHY,XmartOrgUnitHierarchies,XmartOrgUnitHierarchy,9,controlOrgunitFlag,1,xmartFileEvent,N,N,Y,N,getMapValue,String,Control_Orgunit_Flag
attribute,XMART_RGL_ORGUNIT_HIERARCHY,XmartOrgUnitHierarchies,XmartOrgUnitHierarchy,1,gLOrgunitLedgerEntityMap,1,xmartFileEvent,N,N,Y,N,getMapValue,String,GLOrgunitLedgerEntityMap
attribute,XMART_RGL_ORGUNIT_HIERARCHY,XmartOrgUnitHierarchies,XmartOrgUnitHierarchy,11,pubTradingBankingIndicator,1,xmartFileEvent,N,N,Y,N,getMapValue,String,PubTradingBankingIndicator
attribute,XMART_RGL_ORGUNIT_HIERARCHY,XmartOrgUnitHierarchies,XmartOrgUnitHierarchy,12,aggregate,1,xmartFileEvent,N,N,Y,N,getMapValue,String,Aggregation
attribute,XMART_RGL_ORGUNIT_HIERARCHY,XmartOrgUnitHierarchies,XmartOrgUnitHierarchy,13,sortOrder,1,xmartFileEvent,Y,N,Y,N,getMapValue,String,Sort_Order
attribute,XMART_RGL_ORGUNIT_HIERARCHY,XmartOrgUnitHierarchies,XmartOrgUnitHierarchy,14,level,1,xmartFileEvent,Y,N,Y,N,getMapValue,String,Level_Num
attribute,XMART_RGL_ORGUNIT_HIERARCHY,XmartOrgUnitHierarchies,XmartOrgUnitHierarchy,15,isLeaf,1,xmartFileEvent,Y,N,Y,N,getMapValue,String,Is_Leaf
attribute,XMART_RGL_ORGUNIT_HIERARCHY,XmartOrgUnitHierarchies,XmartOrgUnitHierarchy,16,isShared,1,xmartFileEvent,Y,N,Y,N,getMapValue,String,Is_Shared
attribute,XMART_RGL_ORGUNIT_HIERARCHY,XmartOrgUnitHierarchies,XmartOrgUnitHierarchy,17,bankIndicator,1,xmartFileEvent,Y,N,Y,N,getMapValue,String,Bank_Indicator
attribute,XMART_RGL_ORGUNIT_HIERARCHY,XmartOrgUnitHierarchies,XmartOrgUnitHierarchy,18,mILocation,1,xmartFileEvent,Y,N,Y,N,getMapValue,String,Mi_Location
root,XMART_FENERGO_LASTAPPROVED_KYC_REVIEW,XmartFenergoLastApprovedKYCReviews,XmartFenergoLastApprovedKYCReview,1,xmartFileEvent,,,Y,,,,,,
attribute,XMART_FENERGO_LASTAPPROVED_KYC_REVIEW,XmartFenergoLastApprovedKYCReviews,XmartFenergoLastApprovedKYCReview,2,documentKey,1,xmartFileEvent,N,Y,Y,N,getDocumentKey,long,
attribute,XMART_FENERGO_LASTAPPROVED_KYC_REVIEW,XmartFenergoLastApprovedKYCReviews,XmartFenergoLastApprovedKYCReview,3,asAtDate,1,xmartFileEvent,Y,N,Y,N,getMapValue,String,AsAtDate
attribute,XMART_FENERGO_LASTAPPROVED_KYC_REVIEW,XmartFenergoLastApprovedKYCReviews,XmartFenergoLastApprovedKYCReview,4,cISCode,1,xmartFileEvent,Y,N,Y,N,getMapValue,String,CISCode
attribute,XMART_FENERGO_LASTAPPROVED_KYC_REVIEW,XmartFenergoLastApprovedKYCReviews,XmartFenergoLastApprovedKYCReview,5,legalEntityName,1,xmartFileEvent,N,N,Y,N,getMapValue,String,LegalEntityName
attribute,XMART_FENERGO_LASTAPPROVED_KYC_REVIEW,XmartFenergoLastApprovedKYCReviews,XmartFenergoLastApprovedKYCReview,6,reviewID,1,xmartFileEvent,N,N,Y,N,getMapValue,String,ReviewID
attribute,XMART_FENERGO_LASTAPPROVED_KYC_REVIEW,XmartFenergoLastApprovedKYCReviews,XmartFenergoLastApprovedKYCReview,7,reviewType,1,xmartFileEvent,N,N,Y,N,getMapValue,String,ReviewType
attribute,XMART_FENERGO_LASTAPPROVED_KYC_REVIEW,XmartFenergoLastApprovedKYCReviews,XmartFenergoLastApprovedKYCReview,8,reviewStatus,1,xmartFileEvent,N,N,Y,N,getMapValue,String,ReviewStatus
attribute,XMART_FENERGO_LASTAPPROVED_KYC_REVIEW,XmartFenergoLastApprovedKYCReviews,XmartFenergoLastApprovedKYCReview,9,reviewComments,1,xmartFileEvent,N,N,Y,N,getMapValue,String,ReviewComments
attribute,XMART_FENERGO_LASTAPPROVED_KYC_REVIEW,XmartFenergoLastApprovedKYCReviews,XmartFenergoLastApprovedKYCReview,10,legalEntityRiskRating,1,xmartFileEvent,N,N,Y,N,getMapValue,String,LegalEntityRiskRating
attribute,XMART_FENERGO_LASTAPPROVED_KYC_REVIEW,XmartFenergoLastApprovedKYCReviews,XmartFenergoLastApprovedKYCReview,11,lastCDDApprovedDate,1,xmartFileEvent,N,N,Y,N,getMapValue,String,LastCDDApprovedDate
attribute,XMART_FENERGO_LASTAPPROVED_KYC_REVIEW,XmartFenergoLastApprovedKYCReviews,XmartFenergoLastApprovedKYCReview,12,nextReviewDate,1,xmartFileEvent,N,N,Y,N,getMapValue,String,NextReviewDate
attribute,XMART_FENERGO_LASTAPPROVED_KYC_REVIEW,XmartFenergoLastApprovedKYCReviews,XmartFenergoLastApprovedKYCReview,13,lastFullCDDReviewApprovedDate,1,xmartFileEvent,N,N,Y,N,getMapValue,String,LastFullCDDReviewApprovedDate
attribute,XMART_FENERGO_LASTAPPROVED_KYC_REVIEW,XmartFenergoLastApprovedKYCReviews,XmartFenergoLastApprovedKYCReview,14,segmentation,1,xmartFileEvent,N,N,Y,N,getMapValue,String,Segmentation
attribute,XMART_FENERGO_LASTAPPROVED_KYC_REVIEW,XmartFenergoLastApprovedKYCReviews,XmartFenergoLastApprovedKYCReview,15,industry,1,xmartFileEvent,N,N,Y,N,getMapValue,String,Industry
attribute,XMART_FENERGO_LASTAPPROVED_KYC_REVIEW,XmartFenergoLastApprovedKYCReviews,XmartFenergoLastApprovedKYCReview,16,salespersonName,1,xmartFileEvent,N,N,Y,N,getMapValue,String,SalespersonName
attribute,XMART_FENERGO_LASTAPPROVED_KYC_REVIEW,XmartFenergoLastApprovedKYCReviews,XmartFenergoLastApprovedKYCReview,17,salespersonLocation,1,xmartFileEvent,N,N,Y,N,getMapValue,String,SalespersonLocation
attribute,XMART_FENERGO_LASTAPPROVED_KYC_REVIEW,XmartFenergoLastApprovedKYCReviews,XmartFenergoLastApprovedKYCReview,18,owningFranchise,1,xmartFileEvent,N,N,Y,N,getMapValue,String,OwningFranchise
attribute,XMART_FENERGO_LASTAPPROVED_KYC_REVIEW,XmartFenergoLastApprovedKYCReviews,XmartFenergoLastApprovedKYCReview,19,countryofLegalOrganisation,1,xmartFileEvent,N,N,Y,N,getMapValue,String,CountryofLegalOrganisation
attribute,XMART_FENERGO_LASTAPPROVED_KYC_REVIEW,XmartFenergoLastApprovedKYCReviews,XmartFenergoLastApprovedKYCReview,20,principalPlaceofBusiness,1,xmartFileEvent,N,N,Y,N,getMapValue,String,PrincipalPlaceofBusiness
attribute,XMART_FENERGO_LASTAPPROVED_KYC_REVIEW,XmartFenergoLastApprovedKYCReviews,XmartFenergoLastApprovedKYCReview,21,badPress,1,xmartFileEvent,N,N,Y,N,getMapValue,String,BadPress
attribute,XMART_FENERGO_LASTAPPROVED_KYC_REVIEW,XmartFenergoLastApprovedKYCReviews,XmartFenergoLastApprovedKYCReview,22,sanctionsFlag,1,xmartFileEvent,N,N,Y,N,getMapValue,String,SanctionsFlag
attribute,XMART_FENERGO_LASTAPPROVED_KYC_REVIEW,XmartFenergoLastApprovedKYCReviews,XmartFenergoLastApprovedKYCReview,23,pEPFlag,1,xmartFileEvent,N,N,Y,N,getMapValue,String,PEPFlag
attribute,XMART_FENERGO_LASTAPPROVED_KYC_REVIEW,XmartFenergoLastApprovedKYCReviews,XmartFenergoLastApprovedKYCReview,24,pEPType,1,xmartFileEvent,N,N,Y,N,getMapValue,String,PEPType
attribute,XMART_FENERGO_LASTAPPROVED_KYC_REVIEW,XmartFenergoLastApprovedKYCReviews,XmartFenergoLastApprovedKYCReview,25,pEPRiskRating,1,xmartFileEvent,N,N,Y,N,getMapValue,String,PEPRiskRating
attribute,XMART_FENERGO_LASTAPPROVED_KYC_REVIEW,XmartFenergoLastApprovedKYCReviews,XmartFenergoLastApprovedKYCReview,26,pEPClientStatus,1,xmartFileEvent,N,N,Y,N,getMapValue,String,PEPClientStatus
attribute,XMART_FENERGO_LASTAPPROVED_KYC_REVIEW,XmartFenergoLastApprovedKYCReviews,XmartFenergoLastApprovedKYCReview,27,isRunOffClient,1,xmartFileEvent,N,N,Y,N,getMapValue,String,IsRunOffClient
attribute,XMART_FENERGO_LASTAPPROVED_KYC_REVIEW,XmartFenergoLastApprovedKYCReviews,XmartFenergoLastApprovedKYCReview,28,isClientFlag,1,xmartFileEvent,N,N,Y,N,getMapValue,String,IsClientFlag
attribute,XMART_FENERGO_LASTAPPROVED_KYC_REVIEW,XmartFenergoLastApprovedKYCReviews,XmartFenergoLastApprovedKYCReview,29,kYCSourceSystem,1,xmartFileEvent,N,N,Y,N,getMapValue,String,KYCSourceSystem
attribute,XMART_FENERGO_LASTAPPROVED_KYC_REVIEW,XmartFenergoLastApprovedKYCReviews,XmartFenergoLastApprovedKYCReview,30,isListedOnExchangeFlag,1,xmartFileEvent,N,N,Y,N,getMapValue,String,IsListedOnExchangeFlag
attribute,XMART_FENERGO_LASTAPPROVED_KYC_REVIEW,XmartFenergoLastApprovedKYCReviews,XmartFenergoLastApprovedKYCReview,31,exchangeName,1,xmartFileEvent,N,N,Y,N,getMapValue,String,ExchangeName
attribute,XMART_FENERGO_LASTAPPROVED_KYC_REVIEW,XmartFenergoLastApprovedKYCReviews,XmartFenergoLastApprovedKYCReview,32,regulatedStatus,1,xmartFileEvent,N,N,Y,N,getMapValue,String,RegulatedStatus
attribute,XMART_FENERGO_LASTAPPROVED_KYC_REVIEW,XmartFenergoLastApprovedKYCReviews,XmartFenergoLastApprovedKYCReview,33,regulatorName,1,xmartFileEvent,N,N,Y,N,getMapValue,String,RegulatorName
attribute,XMART_FENERGO_LASTAPPROVED_KYC_REVIEW,XmartFenergoLastApprovedKYCReviews,XmartFenergoLastApprovedKYCReview,34,moneyLaunderingCustomerCapacity,1,xmartFileEvent,N,N,Y,N,getMapValue,String,MoneyLaunderingCustomerCapacity
attribute,XMART_FENERGO_LASTAPPROVED_KYC_REVIEW,XmartFenergoLastApprovedKYCReviews,XmartFenergoLastApprovedKYCReview,35,reviewerAnalyst ,1,xmartFileEvent,N,N,Y,N,getMapValue,String,ReviewerAnalyst 
attribute,XMART_FENERGO_LASTAPPROVED_KYC_REVIEW,XmartFenergoLastApprovedKYCReviews,XmartFenergoLastApprovedKYCReview,36,reviewerAnalystComments,1,xmartFileEvent,N,N,Y,N,getMapValue,String,ReviewerAnalystComments
attribute,XMART_FENERGO_LASTAPPROVED_KYC_REVIEW,XmartFenergoLastApprovedKYCReviews,XmartFenergoLastApprovedKYCReview,37,reviewerAnalystCommentDate,1,xmartFileEvent,N,N,Y,N,getMapValue,String,ReviewerAnalystCommentDate
attribute,XMART_FENERGO_LASTAPPROVED_KYC_REVIEW,XmartFenergoLastApprovedKYCReviews,XmartFenergoLastApprovedKYCReview,38,approverComments,1,xmartFileEvent,N,N,Y,N,getMapValue,String,ApproverComments
attribute,XMART_FENERGO_LASTAPPROVED_KYC_REVIEW,XmartFenergoLastApprovedKYCReviews,XmartFenergoLastApprovedKYCReview,39,lastModifiedDate,1,xmartFileEvent,N,N,Y,N,getMapValue,String,LastModifiedDate
root,XMART_FENERGO_INFLIGHT_KYC_REVIEW,XmartFenergoInFlightKYCReviews,XmartFenergoInFlightKYCReview,1,xmartFileEvent,,,Y,,,,,,
attribute,XMART_FENERGO_INFLIGHT_KYC_REVIEW,XmartFenergoInFlightKYCReviews,XmartFenergoInFlightKYCReview,2,documentKey,1,xmartFileEvent,N,Y,Y,N,getDocumentKey,long,
attribute,XMART_FENERGO_INFLIGHT_KYC_REVIEW,XmartFenergoInFlightKYCReviews,XmartFenergoInFlightKYCReview,3,asAtDate,1,xmartFileEvent,Y,N,Y,N,getMapValue,String,AsAtDate
attribute,XMART_FENERGO_INFLIGHT_KYC_REVIEW,XmartFenergoInFlightKYCReviews,XmartFenergoInFlightKYCReview,4,cISCode,1,xmartFileEvent,Y,N,Y,N,getMapValue,String,CISCode
attribute,XMART_FENERGO_INFLIGHT_KYC_REVIEW,XmartFenergoInFlightKYCReviews,XmartFenergoInFlightKYCReview,5,legalEntityName,1,xmartFileEvent,N,N,Y,N,getMapValue,String,LegalEntityName
attribute,XMART_FENERGO_INFLIGHT_KYC_REVIEW,XmartFenergoInFlightKYCReviews,XmartFenergoInFlightKYCReview,6,reviewID,1,xmartFileEvent,N,N,Y,N,getMapValue,String,ReviewID
attribute,XMART_FENERGO_INFLIGHT_KYC_REVIEW,XmartFenergoInFlightKYCReviews,XmartFenergoInFlightKYCReview,7,reviewType,1,xmartFileEvent,N,N,Y,N,getMapValue,String,ReviewType
attribute,XMART_FENERGO_INFLIGHT_KYC_REVIEW,XmartFenergoInFlightKYCReviews,XmartFenergoInFlightKYCReview,8,reviewStatus,1,xmartFileEvent,N,N,Y,N,getMapValue,String,ReviewStatus
attribute,XMART_FENERGO_INFLIGHT_KYC_REVIEW,XmartFenergoInFlightKYCReviews,XmartFenergoInFlightKYCReview,9,reviewStage,1,xmartFileEvent,N,N,Y,N,getMapValue,String,ReviewStage
attribute,XMART_FENERGO_INFLIGHT_KYC_REVIEW,XmartFenergoInFlightKYCReviews,XmartFenergoInFlightKYCReview,10,reviewComments,1,xmartFileEvent,N,N,Y,N,getMapValue,String,ReviewComments
attribute,XMART_FENERGO_INFLIGHT_KYC_REVIEW,XmartFenergoInFlightKYCReviews,XmartFenergoInFlightKYCReview,11,reviewCreationDate,1,xmartFileEvent,N,N,Y,N,getMapValue,String,ReviewCreationDate
attribute,XMART_FENERGO_INFLIGHT_KYC_REVIEW,XmartFenergoInFlightKYCReviews,XmartFenergoInFlightKYCReview,12,targetReviewCompletionDate,1,xmartFileEvent,N,N,Y,N,getMapValue,String,TargetReviewCompletionDate
attribute,XMART_FENERGO_INFLIGHT_KYC_REVIEW,XmartFenergoInFlightKYCReviews,XmartFenergoInFlightKYCReview,13,reviewAnalystEmail,1,xmartFileEvent,N,N,Y,N,getMapValue,String,ReviewAnalystEmail
attribute,XMART_FENERGO_INFLIGHT_KYC_REVIEW,XmartFenergoInFlightKYCReviews,XmartFenergoInFlightKYCReview,14,reviewAnalystTeamName,1,xmartFileEvent,N,N,Y,N,getMapValue,String,ReviewAnalystTeamName
attribute,XMART_FENERGO_INFLIGHT_KYC_REVIEW,XmartFenergoInFlightKYCReviews,XmartFenergoInFlightKYCReview,15,owningFranchise,1,xmartFileEvent,N,N,Y,N,getMapValue,String,OwningFranchise
attribute,XMART_FENERGO_INFLIGHT_KYC_REVIEW,XmartFenergoInFlightKYCReviews,XmartFenergoInFlightKYCReview,16,salespersonLocation,1,xmartFileEvent,N,N,Y,N,getMapValue,String,SalespersonLocation
attribute,XMART_FENERGO_INFLIGHT_KYC_REVIEW,XmartFenergoInFlightKYCReviews,XmartFenergoInFlightKYCReview,17,pEPFlag,1,xmartFileEvent,N,N,Y,N,getMapValue,String,PEPFlag
attribute,XMART_FENERGO_INFLIGHT_KYC_REVIEW,XmartFenergoInFlightKYCReviews,XmartFenergoInFlightKYCReview,18,pEPType,1,xmartFileEvent,N,N,Y,N,getMapValue,String,PEPType
attribute,XMART_FENERGO_INFLIGHT_KYC_REVIEW,XmartFenergoInFlightKYCReviews,XmartFenergoInFlightKYCReview,19,pEPRiskRating,1,xmartFileEvent,N,N,Y,N,getMapValue,String,PEPRiskRating
attribute,XMART_FENERGO_INFLIGHT_KYC_REVIEW,XmartFenergoInFlightKYCReviews,XmartFenergoInFlightKYCReview,20,pEPClientStatus,1,xmartFileEvent,N,N,Y,N,getMapValue,String,PEPClientStatus
attribute,XMART_FENERGO_INFLIGHT_KYC_REVIEW,XmartFenergoInFlightKYCReviews,XmartFenergoInFlightKYCReview,21,sanctionsFlag,1,xmartFileEvent,N,N,Y,N,getMapValue,String,SanctionsFlag
attribute,XMART_FENERGO_INFLIGHT_KYC_REVIEW,XmartFenergoInFlightKYCReviews,XmartFenergoInFlightKYCReview,22,badPressFlag,1,xmartFileEvent,N,N,Y,N,getMapValue,String,BadPressFlag
attribute,XMART_FENERGO_INFLIGHT_KYC_REVIEW,XmartFenergoInFlightKYCReviews,XmartFenergoInFlightKYCReview,23,isRunOffClient ,1,xmartFileEvent,N,N,Y,N,getMapValue,String,IsRunOffClient 
attribute,XMART_FENERGO_INFLIGHT_KYC_REVIEW,XmartFenergoInFlightKYCReviews,XmartFenergoInFlightKYCReview,24,isClientFlag ,1,xmartFileEvent,N,N,Y,N,getMapValue,String,IsClientFlag 
attribute,XMART_FENERGO_INFLIGHT_KYC_REVIEW,XmartFenergoInFlightKYCReviews,XmartFenergoInFlightKYCReview,25,lastActivityDate,1,xmartFileEvent,N,N,Y,N,getMapValue,String,LastActivityDate
attribute,XMART_FENERGO_INFLIGHT_KYC_REVIEW,XmartFenergoInFlightKYCReviews,XmartFenergoInFlightKYCReview,26,lastModifiedDate,1,xmartFileEvent,N,N,Y,N,getMapValue,String,LastModifiedDate
root,XMART_FENERGO_PRODUCT_SETTLEMENT,XmartFenergoProductSettlements,XmartFenergoProductSettlement,1,xmartFileEvent,,,Y,,,,,,
attribute,XMART_FENERGO_PRODUCT_SETTLEMENT,XmartFenergoProductSettlements,XmartFenergoProductSettlement,2,documentKey,1,xmartFileEvent,N,Y,Y,N,getDocumentKey,long,
attribute,XMART_FENERGO_PRODUCT_SETTLEMENT,XmartFenergoProductSettlements,XmartFenergoProductSettlement,3,asAtDate,1,xmartFileEvent,Y,N,Y,N,getMapValue,String,AsAtDate
attribute,XMART_FENERGO_PRODUCT_SETTLEMENT,XmartFenergoProductSettlements,XmartFenergoProductSettlement,4,cISCode,1,xmartFileEvent,Y,N,Y,N,getMapValue,String,CISCode
attribute,XMART_FENERGO_PRODUCT_SETTLEMENT,XmartFenergoProductSettlements,XmartFenergoProductSettlement,5,reviewID,1,xmartFileEvent,Y,N,Y,N,getMapValue,String,ReviewID
attribute,XMART_FENERGO_PRODUCT_SETTLEMENT,XmartFenergoProductSettlements,XmartFenergoProductSettlement,6,productCategory,1,xmartFileEvent,N,N,Y,N,getMapValue,String,ProductCategory
attribute,XMART_FENERGO_PRODUCT_SETTLEMENT,XmartFenergoProductSettlements,XmartFenergoProductSettlement,7,productType,1,xmartFileEvent,N,N,Y,N,getMapValue,String,ProductType
attribute,XMART_FENERGO_PRODUCT_SETTLEMENT,XmartFenergoProductSettlements,XmartFenergoProductSettlement,8,productBookingCountry,1,xmartFileEvent,N,N,Y,N,getMapValue,String,ProductBookingCountry
attribute,XMART_FENERGO_PRODUCT_SETTLEMENT,XmartFenergoProductSettlements,XmartFenergoProductSettlement,9,countryUpliftIndicator,1,xmartFileEvent,N,N,Y,N,getMapValue,String,CountryUpliftIndicator
attribute,XMART_FENERGO_PRODUCT_SETTLEMENT,XmartFenergoProductSettlements,XmartFenergoProductSettlement,10,isLastApprovedReview,1,xmartFileEvent,N,N,Y,N,getMapValue,String,IsLastApprovedReview
attribute,XMART_FENERGO_PRODUCT_SETTLEMENT,XmartFenergoProductSettlements,XmartFenergoProductSettlement,11,isInflightReview,1,xmartFileEvent,N,N,Y,N,getMapValue,String,IsInflightReview
attribute,XMART_FENERGO_PRODUCT_SETTLEMENT,XmartFenergoProductSettlements,XmartFenergoProductSettlement,12,lastModifiedDate,1,xmartFileEvent,N,N,Y,N,getMapValue,String,LastModifiedDate
root,XMART_FENERGO_REVIEW_ACTIVITY_AUDIT,XmartFenergoReviewActivities,XmartFenergoReviewActivity,1,xmartFileEvent,,,Y,,,,,,
attribute,XMART_FENERGO_REVIEW_ACTIVITY_AUDIT,XmartFenergoReviewActivities,XmartFenergoReviewActivity,2,documentKey,1,xmartFileEvent,N,Y,Y,N,getDocumentKey,long,
attribute,XMART_FENERGO_REVIEW_ACTIVITY_AUDIT,XmartFenergoReviewActivities,XmartFenergoReviewActivity,3,asAtDate,1,xmartFileEvent,Y,N,Y,N,getMapValue,String,AsAtDate
attribute,XMART_FENERGO_REVIEW_ACTIVITY_AUDIT,XmartFenergoReviewActivities,XmartFenergoReviewActivity,4,cISCode,1,xmartFileEvent,Y,N,Y,N,getMapValue,String,CISCode
attribute,XMART_FENERGO_REVIEW_ACTIVITY_AUDIT,XmartFenergoReviewActivities,XmartFenergoReviewActivity,5,reviewID,1,xmartFileEvent,Y,N,Y,N,getMapValue,String,ReviewID
attribute,XMART_FENERGO_REVIEW_ACTIVITY_AUDIT,XmartFenergoReviewActivities,XmartFenergoReviewActivity,6,historyTaskName,1,xmartFileEvent,N,N,Y,N,getMapValue,String,HistoryTaskName
attribute,XMART_FENERGO_REVIEW_ACTIVITY_AUDIT,XmartFenergoReviewActivities,XmartFenergoReviewActivity,7,historyActivityStatus ,1,xmartFileEvent,N,N,Y,N,getMapValue,String,HistoryActivityStatus
attribute,XMART_FENERGO_REVIEW_ACTIVITY_AUDIT,XmartFenergoReviewActivities,XmartFenergoReviewActivity,8,historyLastDateofActivity ,1,xmartFileEvent,N,N,Y,N,getMapValue,String,HistoryLastDateofActivity
attribute,XMART_FENERGO_REVIEW_ACTIVITY_AUDIT,XmartFenergoReviewActivities,XmartFenergoReviewActivity,9,historyTeam ,1,xmartFileEvent,N,N,Y,N,getMapValue,String,HistoryTeam
attribute,XMART_FENERGO_REVIEW_ACTIVITY_AUDIT,XmartFenergoReviewActivities,XmartFenergoReviewActivity,10,historyUserName ,1,xmartFileEvent,N,N,Y,N,getMapValue,String,HistoryUserName
attribute,XMART_FENERGO_REVIEW_ACTIVITY_AUDIT,XmartFenergoReviewActivities,XmartFenergoReviewActivity,11,historyTaskDuration,1,xmartFileEvent,N,N,Y,N,getMapValue,String,HistoryTaskDuration
attribute,XMART_FENERGO_REVIEW_ACTIVITY_AUDIT,XmartFenergoReviewActivities,XmartFenergoReviewActivity,12,lastModifiedDate,1,xmartFileEvent,N,N,Y,N,getMapValue,String,LastModifiedDate
root,XMART_CNC_ANNUAL_REPORT,XmartCNCManualOverrideECPTrades,XmartCNCManualOverrideECPTrade,1,xmartFileEvent,,,Y,,,,,,
attribute,XMART_CNC_ANNUAL_REPORT,XmartCNCManualOverrideECPTrades,XmartCNCManualOverrideECPTrade,2,documentKey,1,xmartFileEvent,N,Y,Y,N,getDocumentKey,long,
attribute,XMART_CNC_ANNUAL_REPORT,XmartCNCManualOverrideECPTrades,XmartCNCManualOverrideECPTrade,3,sourceSystemId,1,xmartFileEvent,Y,N,Y,N,getMapValue,String,SourceSystem
attribute,XMART_CNC_ANNUAL_REPORT,XmartCNCManualOverrideECPTrades,XmartCNCManualOverrideECPTrade,4,sourceSystemTransactionId,1,xmartFileEvent,Y,N,Y,N,getMapValue,String,TradeIdentifier
attribute,XMART_CNC_ANNUAL_REPORT,XmartCNCManualOverrideECPTrades,XmartCNCManualOverrideECPTrade,5,version,1,xmartFileEvent,N,N,Y,N,getMapValue,String,Version
attribute,XMART_CNC_ANNUAL_REPORT,XmartCNCManualOverrideECPTrades,XmartCNCManualOverrideECPTrade,6,clientCISCode,1,xmartFileEvent,N,N,Y,N,getMapValue,String,ClientCISCode
attribute,XMART_CNC_ANNUAL_REPORT,XmartCNCManualOverrideECPTrades,XmartCNCManualOverrideECPTrade,7,agreementDate,1,xmartFileEvent,N,N,Y,N,getMapValue,String,DealDate
attribute,XMART_CNC_ANNUAL_REPORT,XmartCNCManualOverrideECPTrades,XmartCNCManualOverrideECPTrade,8,buySellIndicator,1,xmartFileEvent,N,N,Y,N,getMapValue,String,BuySellID
attribute,XMART_CNC_ANNUAL_REPORT,XmartCNCManualOverrideECPTrades,XmartCNCManualOverrideECPTrade,9,reportableCostsAndChargesCurrencyCode,1,xmartFileEvent,Y,N,Y,N,getMapValue,String,AddedValueCurrency
attribute,XMART_CNC_ANNUAL_REPORT,XmartCNCManualOverrideECPTrades,XmartCNCManualOverrideECPTrade,10,reportableCostsAndChargesValue,1,xmartFileEvent,Y,N,Y,N,getMapValue,String,AddedValue
attribute,XMART_CNC_ANNUAL_REPORT,XmartCNCManualOverrideECPTrades,XmartCNCManualOverrideECPTrade,11,initialPrincipalCurrencyCode,1,xmartFileEvent,N,N,Y,N,getMapValue,String,NotionalCurrency
attribute,XMART_CNC_ANNUAL_REPORT,XmartCNCManualOverrideECPTrades,XmartCNCManualOverrideECPTrade,12,initialPrincipalValue,1,xmartFileEvent,N,N,Y,N,getMapValue,String,Notional
attribute,XMART_CNC_ANNUAL_REPORT,XmartCNCManualOverrideECPTrades,XmartCNCManualOverrideECPTrade,13,productTypeName,1,xmartFileEvent,N,N,Y,N,getMapValue,String,ProductTypeName
attribute,XMART_CNC_ANNUAL_REPORT,XmartCNCManualOverrideECPTrades,XmartCNCManualOverrideECPTrade,14,productName,1,xmartFileEvent,N,N,Y,N,getMapValue,String,ProductName
attribute,XMART_CNC_ANNUAL_REPORT,XmartCNCManualOverrideECPTrades,XmartCNCManualOverrideECPTrade,15,reportProduct,1,xmartFileEvent,N,N,Y,N,getMapValue,String,ReportProduct
attribute,XMART_CNC_ANNUAL_REPORT,XmartCNCManualOverrideECPTrades,XmartCNCManualOverrideECPTrade,16,dealDescription,1,xmartFileEvent,N,N,Y,N,getMapValue,String,Description
attribute,XMART_CNC_ANNUAL_REPORT,XmartCNCManualOverrideECPTrades,XmartCNCManualOverrideECPTrade,17,recordType,1,xmartFileEvent,Y,N,Y,N,getMapValue,String,RecordType