Element Type,SourceObject,Element Collection,Element Group,Element Id,Element Name,Parent Element Id,Parent Element Name,Mandatory Element,Trigger Attribute,Output Attribute,Key Attribute,Method Name,Method Return Type
root,User,XmartCrmUsers,XmartCrmUser,1,xmartCRMSourceEvent,,,Y,,,,,
attribute,User,XmartCrmUsers,XmartCrmUser,2,documentKey,1,xmartCRMSourceEvent,Y,N,Y,Y,getDocumentKey,long
object,User,XmartCrmUsers,XmartCrmUser,3,sourceEvent,1,xmartCRMSourceEvent,Y,N,N,N,getStreamEvent,CRMSourceEvent
attribute,User,XmartCrmUsers,XmartCrmUser,4,dfVersion,3,sourceEvent,Y,N,Y,Y,getDfVersion,Long
object,User,XmartCrmUsers,XmartCrmUser,5,user,3,sourceEvent,Y,N,N,N,getUser,User
object,User,XmartCrmUsers,XmartCrmUser,6,address,5,user,N,N,N,N,getAddress,Address
attribute,User,XmartCrmUsers,XmartCrmUser,7,addressCity,6,address,N,Y,Y,N,getCity,String
attribute,User,XmartCrmUsers,XmartCrmUser,8,addressCountry,6,address,N,Y,Y,N,getCountry,String
attribute,User,XmartCrmUsers,XmartCrmUser,9,addressLatitude,6,address,N,Y,Y,N,getLatitude,String
attribute,User,XmartCrmUsers,XmartCrmUser,10,addressLongitude,6,address,N,Y,Y,N,getLongitude,String
attribute,User,XmartCrmUsers,XmartCrmUser,11,addressPostalCode,6,address,N,Y,Y,N,getPostalCode,String
attribute,User,XmartCrmUsers,XmartCrmUser,12,addressState,6,address,N,Y,Y,N,getState,String
attribute,User,XmartCrmUsers,XmartCrmUser,13,addressStreet,6,address,N,Y,Y,N,getStreet,String
attribute,User,XmartCrmUsers,XmartCrmUser,14,city,5,user,N,Y,Y,N,getCity,String
attribute,User,XmartCrmUsers,XmartCrmUser,15,companyName,5,user,N,Y,Y,N,getCompanyName,String
attribute,User,XmartCrmUsers,XmartCrmUser,16,country,5,user,N,Y,Y,N,getCountry,String
attribute,User,XmartCrmUsers,XmartCrmUser,17,createdById,5,user,Y,Y,Y,N,getCreatedById,String
attribute,User,XmartCrmUsers,XmartCrmUser,18,createdDate,5,user,Y,Y,Y,N,getCreatedDate,String
attribute,User,XmartCrmUsers,XmartCrmUser,19,department,5,user,N,Y,Y,N,getDepartment,String
attribute,User,XmartCrmUsers,XmartCrmUser,20,division,5,user,N,Y,Y,N,getDivision,String
attribute,User,XmartCrmUsers,XmartCrmUser,21,ecdId,5,user,N,Y,Y,N,getECDId,String
attribute,User,XmartCrmUsers,XmartCrmUser,22,ecdUrl,5,user,N,Y,Y,N,getECDURL,String
attribute,User,XmartCrmUsers,XmartCrmUser,23,email,5,user,Y,Y,Y,N,getEmail,String
attribute,User,XmartCrmUsers,XmartCrmUser,24,employeeNumber,5,user,N,Y,Y,N,getEmployeeNumber,String
attribute,User,XmartCrmUsers,XmartCrmUser,25,extension,5,user,N,Y,Y,N,getExtension,String
attribute,User,XmartCrmUsers,XmartCrmUser,26,userId,5,user,Y,N,Y,Y,getId,String
attribute,User,XmartCrmUsers,XmartCrmUser,27,fax,5,user,N,Y,Y,N,getFax,String
attribute,User,XmartCrmUsers,XmartCrmUser,28,firstName,5,user,N,Y,Y,N,getFirstName,String
attribute,User,XmartCrmUsers,XmartCrmUser,29,fullPhotoUrl,5,user,N,Y,Y,N,getFullPhotoUrl,String
attribute,User,XmartCrmUsers,XmartCrmUser,30,id18,5,user,N,Y,Y,N,getId18,String
attribute,User,XmartCrmUsers,XmartCrmUser,31,isActive,5,user,Y,Y,Y,N,getIsActive,Boolean
attribute,User,XmartCrmUsers,XmartCrmUser,32,lastLoginDate,5,user,N,Y,Y,N,getLastLoginDate,String
attribute,User,XmartCrmUsers,XmartCrmUser,33,lastModifiedById,5,user,Y,Y,Y,N,getLastModifiedById,String
attribute,User,XmartCrmUsers,XmartCrmUser,34,lastModifiedDate,5,user,Y,Y,Y,N,getLastModifiedDate,String
attribute,User,XmartCrmUsers,XmartCrmUser,35,lastName,5,user,Y,Y,Y,N,getLastName,String
attribute,User,XmartCrmUsers,XmartCrmUser,36,managerId,5,user,N,Y,Y,N,getManagerId,String
attribute,User,XmartCrmUsers,XmartCrmUser,37,middleName,5,user,N,Y,Y,N,getMiddleName,String
attribute,User,XmartCrmUsers,XmartCrmUser,38,mobilePhone,5,user,N,Y,Y,N,getMobilePhone,String
attribute,User,XmartCrmUsers,XmartCrmUser,39,name,5,user,Y,Y,Y,N,getName,String
attribute,User,XmartCrmUsers,XmartCrmUser,40,phone,5,user,N,Y,Y,N,getPhone,String
attribute,User,XmartCrmUsers,XmartCrmUser,41,postalCode,5,user,N,Y,Y,N,getPostalCode,String
object,User,XmartCrmUsers,XmartCrmUser,42,profile,5,user,N,N,N,N,getProfile,Profile
attribute,User,XmartCrmUsers,XmartCrmUser,43,profileId,42,profile,Y,Y,Y,N,getId,String
attribute,User,XmartCrmUsers,XmartCrmUser,44,profileName,42,profile,Y,Y,Y,N,getName,String
attribute,User,XmartCrmUsers,XmartCrmUser,45,senderName,5,user,N,Y,Y,N,getSenderName,String
attribute,User,XmartCrmUsers,XmartCrmUser,46,state,5,user,N,Y,Y,N,getState,String
attribute,User,XmartCrmUsers,XmartCrmUser,47,street,5,user,N,Y,Y,N,getStreet,String
attribute,User,XmartCrmUsers,XmartCrmUser,48,systemModstamp,5,user,Y,Y,Y,N,getSystemModstamp,String
attribute,User,XmartCrmUsers,XmartCrmUser,49,employeeId,5,user,N,Y,Y,N,getEmployeeId,String
attribute,User,XmartCrmUsers,XmartCrmUser,50,title,5,user,N,Y,Y,N,getTitle,String
attribute,User,XmartCrmUsers,XmartCrmUser,51,username,5,user,Y,Y,Y,N,getUsername,String
attribute,User,XmartCrmUsers,XmartCrmUser,52,userRoleId,5,user,N,Y,Y,N,getUserRoleId,String
attribute,User,XmartCrmUsers,XmartCrmUser,53,userType,5,user,N,Y,Y,N,getUserType,String
root,UserRole,XmartCrmUserRoles,XmartCrmUserRole,1,xmartCRMSourceEvent,,,Y,,,,,
attribute,UserRole,XmartCrmUserRoles,XmartCrmUserRole,2,documentKey,1,xmartCRMSourceEvent,Y,N,Y,Y,getDocumentKey,long
object,UserRole,XmartCrmUserRoles,XmartCrmUserRole,3,sourceEvent,1,xmartCRMSourceEvent,Y,N,N,N,getStreamEvent,CRMSourceEvent
attribute,UserRole,XmartCrmUserRoles,XmartCrmUserRole,4,dfVersion,3,sourceEvent,Y,N,Y,Y,getDfVersion,Long
object,UserRole,XmartCrmUserRoles,XmartCrmUserRole,5,userRole,3,sourceEvent,Y,N,N,N,getUserRole,UserRole
attribute,UserRole,XmartCrmUserRoles,XmartCrmUserRole,6,developerName,5,userRole,N,Y,Y,N,getDeveloperName,String
attribute,UserRole,XmartCrmUserRoles,XmartCrmUserRole,7,roleId,5,userRole,Y,N,Y,Y,getId,String
attribute,UserRole,XmartCrmUserRoles,XmartCrmUserRole,8,lastModifiedById,5,userRole,Y,Y,Y,N,getLastModifiedById,String
attribute,UserRole,XmartCrmUserRoles,XmartCrmUserRole,9,lastModifiedDate,5,userRole,Y,Y,Y,N,getLastModifiedDate,String
attribute,UserRole,XmartCrmUserRoles,XmartCrmUserRole,10,roleName,5,userRole,Y,Y,Y,N,getName,String
attribute,UserRole,XmartCrmUserRoles,XmartCrmUserRole,11,parentRoleId,5,userRole,N,Y,Y,N,getParentRoleId,String
attribute,UserRole,XmartCrmUserRoles,XmartCrmUserRole,12,rollupDescription,5,userRole,N,Y,Y,N,getRollupDescription,String
attribute,UserRole,XmartCrmUserRoles,XmartCrmUserRole,13,systemModstamp,5,userRole,Y,Y,Y,N,getSystemModstamp,String
root,AccountCoverage,XmartCrmAccountCoverages,XmartCrmAccountCoverage,1,xmartCRMSourceEvent,,,Y,,,,,
attribute,AccountCoverage,XmartCrmAccountCoverages,XmartCrmAccountCoverage,2,documentKey,1,xmartCRMSourceEvent,Y,N,Y,Y,getDocumentKey,long
object,AccountCoverage,XmartCrmAccountCoverages,XmartCrmAccountCoverage,3,sourceEvent,1,xmartCRMSourceEvent,Y,N,N,N,getStreamEvent,CRMSourceEvent
attribute,AccountCoverage,XmartCrmAccountCoverages,XmartCrmAccountCoverage,4,dfVersion,3,sourceEvent,Y,N,Y,Y,getDfVersion,Long
object,AccountCoverage,XmartCrmAccountCoverages,XmartCrmAccountCoverage,5,accountCoverage,3,sourceEvent,Y,N,N,N,getAccountCoverage,AccountCoverage
attribute,AccountCoverage,XmartCrmAccountCoverages,XmartCrmAccountCoverage,6,accountCoverageId,5,accountCoverage,Y,N,Y,Y,getId,String
attribute,AccountCoverage,XmartCrmAccountCoverages,XmartCrmAccountCoverage,7,name,5,accountCoverage,Y,Y,Y,N,getName,String
attribute,AccountCoverage,XmartCrmAccountCoverages,XmartCrmAccountCoverage,8,createdById,5,accountCoverage,Y,Y,Y,N,getCreatedById,String
attribute,AccountCoverage,XmartCrmAccountCoverages,XmartCrmAccountCoverage,9,createdDate,5,accountCoverage,Y,Y,Y,N,getCreatedDate,String
attribute,AccountCoverage,XmartCrmAccountCoverages,XmartCrmAccountCoverage,10,lastModifiedById,5,accountCoverage,Y,Y,Y,N,getLastModifiedById,String
attribute,AccountCoverage,XmartCrmAccountCoverages,XmartCrmAccountCoverage,11,lastModifiedDate,5,accountCoverage,Y,Y,Y,N,getLastModifiedDate,String
attribute,AccountCoverage,XmartCrmAccountCoverages,XmartCrmAccountCoverage,12,systemModstamp,5,accountCoverage,Y,Y,Y,N,getSystemModstamp,String
object,AccountCoverage,XmartCrmAccountCoverages,XmartCrmAccountCoverage,13,account,5,accountCoverage,N,N,N,Y,getAccount,Account
attribute,AccountCoverage,XmartCrmAccountCoverages,XmartCrmAccountCoverage,14,externalAccountNumber,13,account,N,Y,Y,Y,getExternalAccountNumber,String
attribute,AccountCoverage,XmartCrmAccountCoverages,XmartCrmAccountCoverage,15,desk,5,accountCoverage,N,Y,Y,N,getDesk,String
object,AccountCoverage,XmartCrmAccountCoverages,XmartCrmAccountCoverage,16,employee,5,accountCoverage,N,N,N,N,getEmployee,Employee
attribute,AccountCoverage,XmartCrmAccountCoverages,XmartCrmAccountCoverage,17,ecdId,16,employee,N,Y,Y,N,getECDId,String
attribute,AccountCoverage,XmartCrmAccountCoverages,XmartCrmAccountCoverage,18,email,5,accountCoverage,N,Y,Y,N,getEmployeeEmail,String
attribute,AccountCoverage,XmartCrmAccountCoverages,XmartCrmAccountCoverage,19,endDate,5,accountCoverage,N,Y,Y,N,getEndDate,String
attribute,AccountCoverage,XmartCrmAccountCoverages,XmartCrmAccountCoverage,20,inactive,5,accountCoverage,N,Y,Y,N,getInactive,Boolean
attribute,AccountCoverage,XmartCrmAccountCoverages,XmartCrmAccountCoverage,21,isBackup,5,accountCoverage,N,Y,Y,N,getIsBackup,Boolean
attribute,AccountCoverage,XmartCrmAccountCoverages,XmartCrmAccountCoverage,22,isMyCoverage,5,accountCoverage,N,Y,Y,N,getIsMyCoverage,Boolean
attribute,AccountCoverage,XmartCrmAccountCoverages,XmartCrmAccountCoverage,23,role,5,accountCoverage,N,Y,Y,N,getRole,String
attribute,AccountCoverage,XmartCrmAccountCoverages,XmartCrmAccountCoverage,24,startDate,5,accountCoverage,N,Y,Y,N,getStartDate,String
attribute,AccountCoverage,XmartCrmAccountCoverages,XmartCrmAccountCoverage,25,status,5,accountCoverage,N,Y,Y,N,getStatus,String
root,CallLog,XmartCrmCallLogs,XmartCrmCallLog,1,xmartCRMSourceEvent,,,Y,,,,,
attribute,CallLog,XmartCrmCallLogs,XmartCrmCallLog,2,documentKey,1,xmartCRMSourceEvent,Y,N,Y,Y,getDocumentKey,long
object,CallLog,XmartCrmCallLogs,XmartCrmCallLog,3,sourceEvent,1,xmartCRMSourceEvent,Y,N,N,N,getStreamEvent,CRMSourceEvent
attribute,CallLog,XmartCrmCallLogs,XmartCrmCallLog,4,dfVersion,3,sourceEvent,Y,N,Y,Y,getDfVersion,Long
object,CallLog,XmartCrmCallLogs,XmartCrmCallLog,5,callLog,3,sourceEvent,Y,N,N,N,getCallLog,CallLog
attribute,CallLog,XmartCrmCallLogs,XmartCrmCallLog,6,callId,5,callLog,N,Y,Y,N,getId,String
attribute,CallLog,XmartCrmCallLogs,XmartCrmCallLog,7,callLogId,5,callLog,Y,Y,Y,Y,getCallId,String
attribute,CallLog,XmartCrmCallLogs,XmartCrmCallLog,8,callSeq,5,callLog,Y,Y,Y,N,getCallSeq,Long
attribute,CallLog,XmartCrmCallLogs,XmartCrmCallLog,9,callClassification,5,callLog,N,Y,Y,N,getCallClassification,String
attribute,CallLog,XmartCrmCallLogs,XmartCrmCallLog,10,state,5,callLog,Y,Y,Y,N,getState,String
attribute,CallLog,XmartCrmCallLogs,XmartCrmCallLog,11,startedOn,5,callLog,Y,Y,Y,N,getStartedOn,String
attribute,CallLog,XmartCrmCallLogs,XmartCrmCallLog,12,endedOn,5,callLog,Y,Y,Y,N,getEndedOn,String
attribute,CallLog,XmartCrmCallLogs,XmartCrmCallLog,13,duration,5,callLog,Y,Y,Y,N,getDuration,Long
root,CallLog,XmartCrmCallLogParticipants,XmartCrmCallLogParticipant,1,xmartCRMSourceEvent,,,Y,,,,,
attribute,CallLog,XmartCrmCallLogParticipants,XmartCrmCallLogParticipant,2,documentKey,1,xmartCRMSourceEvent,Y,N,Y,Y,getDocumentKey,long
object,CallLog,XmartCrmCallLogParticipants,XmartCrmCallLogParticipant,3,sourceEvent,1,xmartCRMSourceEvent,Y,N,N,N,getStreamEvent,CRMSourceEvent
attribute,CallLog,XmartCrmCallLogParticipants,XmartCrmCallLogParticipant,4,dfVersion,3,sourceEvent,Y,N,Y,Y,getDfVersion,Long
object,CallLog,XmartCrmCallLogParticipants,XmartCrmCallLogParticipant,5,callLog,3,sourceEvent,Y,N,N,N,getCallLog,CallLog
collection,CallLog,XmartCrmCallLogParticipants,XmartCrmCallLogParticipant,6,callLogParticipants,5,callLog,N,N,N,N,getCallLogParticipants,List
attribute,CallLog,XmartCrmCallLogParticipants,XmartCrmCallLogParticipant,7,callLogId,6,callLogParticipants,Y,N,Y,Y,getCallLogId,String
attribute,CallLog,XmartCrmCallLogParticipants,XmartCrmCallLogParticipant,8,direction,6,callLogParticipants,Y,Y,Y,N,getDirection,String
attribute,CallLog,XmartCrmCallLogParticipants,XmartCrmCallLogParticipant,9,name,6,callLogParticipants,N,Y,Y,N,getName,String
attribute,CallLog,XmartCrmCallLogParticipants,XmartCrmCallLogParticipant,10,number,6,callLogParticipants,Y,Y,Y,N,getNumber,String
attribute,CallLog,XmartCrmCallLogParticipants,XmartCrmCallLogParticipant,11,startTime,6,callLogParticipants,Y,Y,Y,N,getStartTime,String
attribute,CallLog,XmartCrmCallLogParticipants,XmartCrmCallLogParticipant,12,endTime,6,callLogParticipants,Y,Y,Y,N,getEndTime,String
attribute,CallLog,XmartCrmCallLogParticipants,XmartCrmCallLogParticipant,13,duration,6,callLogParticipants,Y,Y,Y,N,getDuration,Long
attribute,CallLog,XmartCrmCallLogParticipants,XmartCrmCallLogParticipant,14,contactId,6,callLogParticipants,N,Y,Y,N,getContactId,String
attribute,CallLog,XmartCrmCallLogParticipants,XmartCrmCallLogParticipant,15,userId,6,callLogParticipants,N,Y,Y,N,getUserId,String
attribute,CallLog,XmartCrmCallLogParticipants,XmartCrmCallLogParticipant,16,recordType,6,callLogParticipants,N,Y,Y,N,getRecordType,String
root,CallReport,XmartCrmCallReports,XmartCrmCallReport,1,xmartCRMSourceEvent,,,Y,,,,,
attribute,CallReport,XmartCrmCallReports,XmartCrmCallReport,2,documentKey,1,xmartCRMSourceEvent,Y,N,Y,Y,getDocumentKey,long
object,CallReport,XmartCrmCallReports,XmartCrmCallReport,3,sourceEvent,1,xmartCRMSourceEvent,Y,N,N,N,getStreamEvent,CRMSourceEvent
attribute,CallReport,XmartCrmCallReports,XmartCrmCallReport,4,dfVersion,3,sourceEvent,Y,N,Y,Y,getDfVersion,Long
object,CallReport,XmartCrmCallReports,XmartCrmCallReport,5,callReport,3,sourceEvent,Y,N,N,N,getCallReport,CallReport
attribute,CallReport,XmartCrmCallReports,XmartCrmCallReport,6,callOutcome,5,callReport,N,Y,Y,N,getCallOutcome,String
attribute,CallReport,XmartCrmCallReports,XmartCrmCallReport,7,callReportLOBTxT,5,callReport,N,Y,Y,N,getCallReportLOBTxT,String
attribute,CallReport,XmartCrmCallReports,XmartCrmCallReport,8,callReportRoleTxT,5,callReport,N,Y,Y,N,getCallReportRoleTxT,String
attribute,CallReport,XmartCrmCallReports,XmartCrmCallReport,9,createdById,5,callReport,Y,Y,Y,N,getCreatedById,String
attribute,CallReport,XmartCrmCallReports,XmartCrmCallReport,10,createdDate,5,callReport,Y,Y,Y,N,getCreatedDate,String
attribute,CallReport,XmartCrmCallReports,XmartCrmCallReport,11,callReportId,5,callReport,Y,N,Y,Y,getId,String
attribute,CallReport,XmartCrmCallReports,XmartCrmCallReport,12,lastModifiedById,5,callReport,Y,Y,Y,N,getLastModifiedById,String
attribute,CallReport,XmartCrmCallReports,XmartCrmCallReport,13,lastModifiedDate,5,callReport,Y,Y,Y,N,getLastModifiedDate,String
attribute,CallReport,XmartCrmCallReports,XmartCrmCallReport,14,localEndTime,5,callReport,N,Y,Y,N,getLocalEndTime,String
attribute,CallReport,XmartCrmCallReports,XmartCrmCallReport,15,localStartTime,5,callReport,N,Y,Y,N,getLocalStartTime,String
attribute,CallReport,XmartCrmCallReports,XmartCrmCallReport,16,name,5,callReport,Y,Y,Y,N,getName,String
attribute,CallReport,XmartCrmCallReports,XmartCrmCallReport,17,ownerId,5,callReport,Y,Y,Y,N,getOwnerId,String
attribute,CallReport,XmartCrmCallReports,XmartCrmCallReport,18,securityLevel,5,callReport,N,Y,Y,N,getSecurityLevel,String
attribute,CallReport,XmartCrmCallReports,XmartCrmCallReport,19,systemModstamp,5,callReport,Y,Y,Y,N,getSystemModstamp,String
attribute,CallReport,XmartCrmCallReports,XmartCrmCallReport,20,callReportExternalId,5,callReport,N,N,Y,Y,getCallReportID,String
attribute,CallReport,XmartCrmCallReports,XmartCrmCallReport,21,city,5,callReport,N,Y,Y,N,getCity,String
attribute,CallReport,XmartCrmCallReports,XmartCrmCallReport,22,clientInitiated,5,callReport,N,Y,Y,N,getClientInitiated,Boolean
object,CallReport,XmartCrmCallReports,XmartCrmCallReport,23,client,5,callReport,N,N,N,N,getClient,Client
attribute,CallReport,XmartCrmCallReports,XmartCrmCallReport,24,externalAccountNumber,23,client,N,Y,Y,N,getExternalAccountNumber,String
attribute,CallReport,XmartCrmCallReports,XmartCrmCallReport,25,country,5,callReport,N,Y,Y,N,getCountry,String
attribute,CallReport,XmartCrmCallReports,XmartCrmCallReport,26,doNotForward,5,callReport,N,Y,Y,N,getDoNotForward,Boolean
attribute,CallReport,XmartCrmCallReports,XmartCrmCallReport,27,endTime,5,callReport,N,Y,Y,N,getEndTime,String
attribute,CallReport,XmartCrmCallReports,XmartCrmCallReport,28,interactionType,5,callReport,N,Y,Y,N,getInteractionType,String
attribute,CallReport,XmartCrmCallReports,XmartCrmCallReport,29,location,5,callReport,N,Y,Y,N,getLocation,String
object,CallReport,XmartCrmCallReports,XmartCrmCallReport,30,loggedBy,5,callReport,N,N,N,N,getLoggedBy,LoggedBy
attribute,CallReport,XmartCrmCallReports,XmartCrmCallReport,31,loggedByECDId,30,loggedBy,N,Y,Y,N,getECDId,String
attribute,CallReport,XmartCrmCallReports,XmartCrmCallReport,32,loggedFrom,5,callReport,N,Y,Y,N,getLoggedFrom,String
attribute,CallReport,XmartCrmCallReports,XmartCrmCallReport,33,meetingDate,5,callReport,N,Y,Y,N,getMeetingDate,String
attribute,CallReport,XmartCrmCallReports,XmartCrmCallReport,34,meetingType,5,callReport,N,Y,Y,N,getMeetingType,String
attribute,CallReport,XmartCrmCallReports,XmartCrmCallReport,35,priority,5,callReport,N,Y,Y,N,getPriority,String
attribute,CallReport,XmartCrmCallReports,XmartCrmCallReport,36,private,5,callReport,N,Y,Y,N,getPrivate,Boolean
attribute,CallReport,XmartCrmCallReports,XmartCrmCallReport,37,recordType,5,callReport,N,Y,Y,N,getRecordType,String
attribute,CallReport,XmartCrmCallReports,XmartCrmCallReport,38,relatedEvent,5,callReport,N,Y,Y,N,getRelatedEvent,String
attribute,CallReport,XmartCrmCallReports,XmartCrmCallReport,39,relatedToId,5,callReport,N,Y,Y,N,getRelatedToId,String
attribute,CallReport,XmartCrmCallReports,XmartCrmCallReport,40,relatedToType,5,callReport,N,Y,Y,N,getRelatedToType,String
attribute,CallReport,XmartCrmCallReports,XmartCrmCallReport,41,startTime,5,callReport,N,Y,Y,N,getStartTime,String
attribute,CallReport,XmartCrmCallReports,XmartCrmCallReport,42,state,5,callReport,N,Y,Y,N,getState,String
attribute,CallReport,XmartCrmCallReports,XmartCrmCallReport,43,status,5,callReport,N,Y,Y,N,getStatus,String
attribute,CallReport,XmartCrmCallReports,XmartCrmCallReport,44,subjectMeetingObjectives,5,callReport,N,Y,Y,N,getSubjectMeetingObjectives,String
attribute,CallReport,XmartCrmCallReports,XmartCrmCallReport,45,timeSpentHrs,5,callReport,N,Y,Y,N,getTimeSpentHrs,String
attribute,CallReport,XmartCrmCallReports,XmartCrmCallReport,46,timeSpentMin,5,callReport,N,Y,Y,N,getTimeSpentMin,Integer
attribute,CallReport,XmartCrmCallReports,XmartCrmCallReport,47,transactionId,5,callReport,N,Y,Y,N,getTransactionId,String
attribute,CallReport,XmartCrmCallReports,XmartCrmCallReport,48,visibilityLevel,5,callReport,N,Y,Y,N,getVisibilityLevel,String
attribute,CallReport,XmartCrmCallReports,XmartCrmCallReport,49,userProfile,5,callReport,N,Y,Y,N,getUserProfile,String
root,CallReport,XmartCrmCallReportExternalAttendees,XmartCrmCallReportExternalAttendee,1,xmartCRMSourceEvent,,,Y,,,,,
attribute,CallReport,XmartCrmCallReportExternalAttendees,XmartCrmCallReportExternalAttendee,2,documentKey,1,xmartCRMSourceEvent,Y,N,Y,Y,getDocumentKey,long
object,CallReport,XmartCrmCallReportExternalAttendees,XmartCrmCallReportExternalAttendee,3,sourceEvent,1,xmartCRMSourceEvent,Y,N,N,N,getStreamEvent,CRMSourceEvent
attribute,CallReport,XmartCrmCallReportExternalAttendees,XmartCrmCallReportExternalAttendee,4,dfVersion,3,sourceEvent,Y,N,Y,Y,getDfVersion,Long
object,CallReport,XmartCrmCallReportExternalAttendees,XmartCrmCallReportExternalAttendee,5,callReport,3,sourceEvent,Y,N,N,N,getCallReport,CallReport
collection,CallReport,XmartCrmCallReportExternalAttendees,XmartCrmCallReportExternalAttendee,6,externalAttendees,5,callReport,N,N,N,N,getExternalAttendees,List
attribute,CallReport,XmartCrmCallReportExternalAttendees,XmartCrmCallReportExternalAttendee,7,createdById,6,externalAttendees,Y,Y,Y,N,getCreatedById,String
attribute,CallReport,XmartCrmCallReportExternalAttendees,XmartCrmCallReportExternalAttendee,8,createdDate,6,externalAttendees,Y,Y,Y,N,getCreatedDate,String
attribute,CallReport,XmartCrmCallReportExternalAttendees,XmartCrmCallReportExternalAttendee,9,externalAttendeeId,6,externalAttendees,Y,N,Y,Y,getId,String
attribute,CallReport,XmartCrmCallReportExternalAttendees,XmartCrmCallReportExternalAttendee,10,lastModifiedById,6,externalAttendees,Y,Y,Y,N,getLastModifiedById,String
attribute,CallReport,XmartCrmCallReportExternalAttendees,XmartCrmCallReportExternalAttendee,11,lastModifiedDate,6,externalAttendees,Y,Y,Y,N,getLastModifiedDate,String
attribute,CallReport,XmartCrmCallReportExternalAttendees,XmartCrmCallReportExternalAttendee,12,name,6,externalAttendees,Y,Y,Y,N,getName,String
attribute,CallReport,XmartCrmCallReportExternalAttendees,XmartCrmCallReportExternalAttendee,13,systemModstamp,6,externalAttendees,Y,Y,Y,N,getSystemModstamp,String
attribute,CallReport,XmartCrmCallReportExternalAttendees,XmartCrmCallReportExternalAttendee,14,status,6,externalAttendees,N,Y,Y,N,getStatus,String
attribute,CallReport,XmartCrmCallReportExternalAttendees,XmartCrmCallReportExternalAttendee,15,callReportId,6,externalAttendees,Y,N,Y,Y,getCallReport,String
attribute,CallReport,XmartCrmCallReportExternalAttendees,XmartCrmCallReportExternalAttendee,16,contactId,6,externalAttendees,N,Y,Y,N,getContact,String
attribute,CallReport,XmartCrmCallReportExternalAttendees,XmartCrmCallReportExternalAttendee,17,email,6,externalAttendees,N,Y,Y,N,getEmail,String
attribute,CallReport,XmartCrmCallReportExternalAttendees,XmartCrmCallReportExternalAttendee,18,phone,6,externalAttendees,N,Y,Y,N,getPhone,String
attribute,CallReport,XmartCrmCallReportExternalAttendees,XmartCrmCallReportExternalAttendee,19,title,6,externalAttendees,N,Y,Y,N,getTitle,String
root,CallReport,XmartCrmCallReportAccounts,XmartCrmCallReportAccount,1,xmartCRMSourceEvent,,,Y,,,,,
attribute,CallReport,XmartCrmCallReportAccounts,XmartCrmCallReportAccount,2,documentKey,1,xmartCRMSourceEvent,Y,N,Y,Y,getDocumentKey,long
object,CallReport,XmartCrmCallReportAccounts,XmartCrmCallReportAccount,3,sourceEvent,1,xmartCRMSourceEvent,Y,N,N,N,getStreamEvent,CRMSourceEvent
attribute,CallReport,XmartCrmCallReportAccounts,XmartCrmCallReportAccount,4,dfVersion,3,sourceEvent,Y,N,Y,Y,getDfVersion,Long
object,CallReport,XmartCrmCallReportAccounts,XmartCrmCallReportAccount,5,callReport,3,sourceEvent,Y,N,N,N,getCallReport,CallReport
collection,CallReport,XmartCrmCallReportAccounts,XmartCrmCallReportAccount,6,callReportAccount,5,callReport,N,N,N,N,getCallReportAccount,List
attribute,CallReport,XmartCrmCallReportAccounts,XmartCrmCallReportAccount,7,callReportAccountId,6,callReportAccount,Y,N,Y,Y,getId,String
attribute,CallReport,XmartCrmCallReportAccounts,XmartCrmCallReportAccount,8,createdById,6,callReportAccount,Y,Y,Y,N,getCreatedById,String
attribute,CallReport,XmartCrmCallReportAccounts,XmartCrmCallReportAccount,9,createdDate,6,callReportAccount,Y,Y,Y,N,getCreatedDate,String
attribute,CallReport,XmartCrmCallReportAccounts,XmartCrmCallReportAccount,10,lastModifiedById,6,callReportAccount,Y,Y,Y,N,getLastModifiedById,String
attribute,CallReport,XmartCrmCallReportAccounts,XmartCrmCallReportAccount,11,lastModifiedDate,6,callReportAccount,Y,Y,Y,N,getLastModifiedDate,String
attribute,CallReport,XmartCrmCallReportAccounts,XmartCrmCallReportAccount,12,name,6,callReportAccount,Y,Y,Y,N,getName,String
attribute,CallReport,XmartCrmCallReportAccounts,XmartCrmCallReportAccount,13,systemModstamp,6,callReportAccount,Y,Y,Y,N,getSystemModstamp,String
object,CallReport,XmartCrmCallReportAccounts,XmartCrmCallReportAccount,14,account,6,callReportAccount,N,N,N,N,getAccount,Account
attribute,CallReport,XmartCrmCallReportAccounts,XmartCrmCallReportAccount,15,externalAccountNumber,14,account,N,Y,Y,N,getExternalAccountNumber,String
attribute,CallReport,XmartCrmCallReportAccounts,XmartCrmCallReportAccount,16,callReportId,6,callReportAccount,Y,N,Y,Y,getCallReport,String
attribute,CallReport,XmartCrmCallReportAccounts,XmartCrmCallReportAccount,17,isPrimary,6,callReportAccount,N,Y,Y,N,getIsPrimary,Boolean
root,CallReport,XmartCrmCallReportInternalAttendees,XmartCrmCallReportInternalAttendee,1,xmartCRMSourceEvent,,,Y,,,,,
attribute,CallReport,XmartCrmCallReportInternalAttendees,XmartCrmCallReportInternalAttendee,2,documentKey,1,xmartCRMSourceEvent,Y,N,Y,Y,getDocumentKey,long
object,CallReport,XmartCrmCallReportInternalAttendees,XmartCrmCallReportInternalAttendee,3,sourceEvent,1,xmartCRMSourceEvent,Y,N,N,N,getStreamEvent,CRMSourceEvent
attribute,CallReport,XmartCrmCallReportInternalAttendees,XmartCrmCallReportInternalAttendee,4,dfVersion,3,sourceEvent,Y,N,Y,Y,getDfVersion,Long
object,CallReport,XmartCrmCallReportInternalAttendees,XmartCrmCallReportInternalAttendee,5,callReport,3,sourceEvent,Y,N,N,N,getCallReport,CallReport
collection,CallReport,XmartCrmCallReportInternalAttendees,XmartCrmCallReportInternalAttendee,6,internalAttendees,5,callReport,N,N,N,N,getInternalAttendees,List
attribute,CallReport,XmartCrmCallReportInternalAttendees,XmartCrmCallReportInternalAttendee,7,createdById,6,internalAttendees,Y,Y,Y,N,getCreatedById,String
attribute,CallReport,XmartCrmCallReportInternalAttendees,XmartCrmCallReportInternalAttendee,8,createdDate,6,internalAttendees,Y,Y,Y,N,getCreatedDate,String
attribute,CallReport,XmartCrmCallReportInternalAttendees,XmartCrmCallReportInternalAttendee,9,internalAttendeeId,6,internalAttendees,Y,N,Y,Y,getId,String
attribute,CallReport,XmartCrmCallReportInternalAttendees,XmartCrmCallReportInternalAttendee,10,lastModifiedById,6,internalAttendees,Y,Y,Y,N,getLastModifiedById,String
attribute,CallReport,XmartCrmCallReportInternalAttendees,XmartCrmCallReportInternalAttendee,11,lastModifiedDate,6,internalAttendees,Y,Y,Y,N,getLastModifiedDate,String
attribute,CallReport,XmartCrmCallReportInternalAttendees,XmartCrmCallReportInternalAttendee,12,name,6,internalAttendees,Y,Y,Y,N,getName,String
attribute,CallReport,XmartCrmCallReportInternalAttendees,XmartCrmCallReportInternalAttendee,13,systemModstamp,6,internalAttendees,Y,Y,Y,N,getSystemModstamp,String
attribute,CallReport,XmartCrmCallReportInternalAttendees,XmartCrmCallReportInternalAttendee,14,status,6,internalAttendees,N,Y,Y,N,getStatus,String
attribute,CallReport,XmartCrmCallReportInternalAttendees,XmartCrmCallReportInternalAttendee,15,attendanceReason,6,internalAttendees,N,Y,Y,N,getAttendanceReason,String
attribute,CallReport,XmartCrmCallReportInternalAttendees,XmartCrmCallReportInternalAttendee,16,callReportId,6,internalAttendees,Y,N,Y,Y,getCallReport,String
attribute,CallReport,XmartCrmCallReportInternalAttendees,XmartCrmCallReportInternalAttendee,17,email,6,internalAttendees,N,Y,Y,N,getEmail,String
object,CallReport,XmartCrmCallReportInternalAttendees,XmartCrmCallReportInternalAttendee,18,employee,6,internalAttendees,N,N,N,N,getEmployee,Employee
attribute,CallReport,XmartCrmCallReportInternalAttendees,XmartCrmCallReportInternalAttendee,19,ecdId,18,employee,N,Y,Y,N,getECDId,String
attribute,CallReport,XmartCrmCallReportInternalAttendees,XmartCrmCallReportInternalAttendee,20,isAttending,6,internalAttendees,N,Y,Y,N,getIsAttending,Boolean
attribute,CallReport,XmartCrmCallReportInternalAttendees,XmartCrmCallReportInternalAttendee,21,isNotify,6,internalAttendees,N,Y,Y,N,getIsNotify,Boolean
attribute,CallReport,XmartCrmCallReportInternalAttendees,XmartCrmCallReportInternalAttendee,22,isShare,6,internalAttendees,N,Y,Y,N,getIsShare,Boolean
root,ContactCoverage,XmartCrmContactCoverages,XmartCrmContactCoverage,1,xmartCRMSourceEvent,,,Y,,,,,
attribute,ContactCoverage,XmartCrmContactCoverages,XmartCrmContactCoverage,2,documentKey,1,xmartCRMSourceEvent,Y,N,Y,Y,getDocumentKey,long
object,ContactCoverage,XmartCrmContactCoverages,XmartCrmContactCoverage,3,sourceEvent,1,xmartCRMSourceEvent,Y,N,N,N,getStreamEvent,CRMSourceEvent
attribute,ContactCoverage,XmartCrmContactCoverages,XmartCrmContactCoverage,4,dfVersion,3,sourceEvent,Y,N,Y,Y,getDfVersion,Long
object,ContactCoverage,XmartCrmContactCoverages,XmartCrmContactCoverage,5,contactCoverage,3,sourceEvent,Y,N,N,N,getContactCoverage,ContactCoverage
attribute,ContactCoverage,XmartCrmContactCoverages,XmartCrmContactCoverage,6,contactCoverageId,5,contactCoverage,Y,N,Y,Y,getId,String
attribute,ContactCoverage,XmartCrmContactCoverages,XmartCrmContactCoverage,7,systemModstamp,5,contactCoverage,Y,Y,Y,N,getSystemModstamp,String
attribute,ContactCoverage,XmartCrmContactCoverages,XmartCrmContactCoverage,8,name,5,contactCoverage,Y,Y,Y,N,getName,String
attribute,ContactCoverage,XmartCrmContactCoverages,XmartCrmContactCoverage,9,createdById,5,contactCoverage,Y,Y,Y,N,getCreatedById,String
attribute,ContactCoverage,XmartCrmContactCoverages,XmartCrmContactCoverage,10,createdDate,5,contactCoverage,Y,Y,Y,N,getCreatedDate,String
attribute,ContactCoverage,XmartCrmContactCoverages,XmartCrmContactCoverage,11,lastModifiedById,5,contactCoverage,Y,Y,Y,N,getLastModifiedById,String
attribute,ContactCoverage,XmartCrmContactCoverages,XmartCrmContactCoverage,12,lastModifiedDate,5,contactCoverage,Y,Y,Y,N,getLastModifiedDate,String
attribute,ContactCoverage,XmartCrmContactCoverages,XmartCrmContactCoverage,13,contactId,5,contactCoverage,N,Y,Y,N,getContact,String
attribute,ContactCoverage,XmartCrmContactCoverages,XmartCrmContactCoverage,14,desk,5,contactCoverage,N,Y,Y,N,getDesk,String
object,ContactCoverage,XmartCrmContactCoverages,XmartCrmContactCoverage,15,employee,5,contactCoverage,N,N,N,N,getEmployee,Employee
attribute,ContactCoverage,XmartCrmContactCoverages,XmartCrmContactCoverage,16,ecdId,15,employee,N,Y,Y,N,getECDId,String
attribute,ContactCoverage,XmartCrmContactCoverages,XmartCrmContactCoverage,17,endDate,5,contactCoverage,N,Y,Y,N,getEndDate,String
attribute,ContactCoverage,XmartCrmContactCoverages,XmartCrmContactCoverage,18,inactive,5,contactCoverage,N,Y,Y,N,getInactive,Boolean
attribute,ContactCoverage,XmartCrmContactCoverages,XmartCrmContactCoverage,19,isBackup,5,contactCoverage,N,Y,Y,N,getIsBackup,Boolean
attribute,ContactCoverage,XmartCrmContactCoverages,XmartCrmContactCoverage,20,isMyCoverage,5,contactCoverage,N,Y,Y,N,getIsMyCoverage,Boolean
attribute,ContactCoverage,XmartCrmContactCoverages,XmartCrmContactCoverage,21,isPriority,5,contactCoverage,N,Y,Y,N,getIsPriority,Boolean
attribute,ContactCoverage,XmartCrmContactCoverages,XmartCrmContactCoverage,22,isTemporary,5,contactCoverage,N,Y,Y,N,getIsTemporary,Boolean
attribute,ContactCoverage,XmartCrmContactCoverages,XmartCrmContactCoverage,23,originalParentContactCoverage,5,contactCoverage,N,Y,Y,N,getOriginalParentContactCoverage,String
attribute,ContactCoverage,XmartCrmContactCoverages,XmartCrmContactCoverage,24,parentContactCoverage,5,contactCoverage,N,Y,Y,N,getParentContactCoverage,String
attribute,ContactCoverage,XmartCrmContactCoverages,XmartCrmContactCoverage,25,priorityStatus,5,contactCoverage,N,Y,Y,N,getPriorityStatus,String
object,ContactCoverage,XmartCrmContactCoverages,XmartCrmContactCoverage,26,product,5,contactCoverage,N,N,N,N,getProduct,Product
attribute,ContactCoverage,XmartCrmContactCoverages,XmartCrmContactCoverage,27,productName,26,product,N,Y,Y,N,getName,String
attribute,ContactCoverage,XmartCrmContactCoverages,XmartCrmContactCoverage,28,productCategory,26,product,N,Y,Y,N,getCategory,String
attribute,ContactCoverage,XmartCrmContactCoverages,XmartCrmContactCoverage,29,productDescription,26,product,N,Y,Y,N,getDescription,String
attribute,ContactCoverage,XmartCrmContactCoverages,XmartCrmContactCoverage,30,productExpiryDate,26,product,N,Y,Y,N,getExpiryDate,String
attribute,ContactCoverage,XmartCrmContactCoverages,XmartCrmContactCoverage,31,productInactive,26,product,N,Y,Y,N,getInactive,Boolean
attribute,ContactCoverage,XmartCrmContactCoverages,XmartCrmContactCoverage,32,productSubCategory,26,product,N,Y,Y,N,getSubCategory,String
attribute,ContactCoverage,XmartCrmContactCoverages,XmartCrmContactCoverage,33,rank,5,contactCoverage,N,Y,Y,N,getRank,String
attribute,ContactCoverage,XmartCrmContactCoverages,XmartCrmContactCoverage,34,role,5,contactCoverage,N,Y,Y,N,getRole,String
attribute,ContactCoverage,XmartCrmContactCoverages,XmartCrmContactCoverage,35,startDate,5,contactCoverage,N,Y,Y,N,getStartDate,String
attribute,ContactCoverage,XmartCrmContactCoverages,XmartCrmContactCoverage,36,status,5,contactCoverage,N,Y,Y,N,getStatus,String
root,Organization,XmartCrmOrganizations,XmartCrmOrganization,1,xmartCRMSourceEvent,,,Y,,,,,
attribute,Organization,XmartCrmOrganizations,XmartCrmOrganization,2,documentKey,1,xmartCRMSourceEvent,Y,N,Y,Y,getDocumentKey,long
object,Organization,XmartCrmOrganizations,XmartCrmOrganization,3,sourceEvent,1,xmartCRMSourceEvent,Y,N,N,N,getStreamEvent,CRMSourceEvent
attribute,Organization,XmartCrmOrganizations,XmartCrmOrganization,4,dfVersion,3,sourceEvent,Y,N,Y,Y,getDfVersion,Long
object,Organization,XmartCrmOrganizations,XmartCrmOrganization,5,organization,3,sourceEvent,Y,N,N,N,getOrganization,Organization
attribute,Organization,XmartCrmOrganizations,XmartCrmOrganization,6,createdById,5,organization,Y,Y,Y,N,getCreatedById,String
attribute,Organization,XmartCrmOrganizations,XmartCrmOrganization,7,createdDate,5,organization,Y,Y,Y,N,getCreatedDate,String
attribute,Organization,XmartCrmOrganizations,XmartCrmOrganization,8,externalID,5,organization,N,Y,Y,N,getExternalID,String
attribute,Organization,XmartCrmOrganizations,XmartCrmOrganization,9,organizationStructureId,5,organization,Y,N,Y,Y,getId,String
attribute,Organization,XmartCrmOrganizations,XmartCrmOrganization,10,lastModifiedById,5,organization,Y,Y,Y,N,getLastModifiedById,String
attribute,Organization,XmartCrmOrganizations,XmartCrmOrganization,11,lastModifiedDate,5,organization,Y,Y,Y,N,getLastModifiedDate,String
attribute,Organization,XmartCrmOrganizations,XmartCrmOrganization,12,name,5,organization,Y,Y,Y,N,getName,String
attribute,Organization,XmartCrmOrganizations,XmartCrmOrganization,13,ownerId,5,organization,Y,Y,Y,N,getOwnerId,String
attribute,Organization,XmartCrmOrganizations,XmartCrmOrganization,14,privateSide,5,organization,N,Y,Y,N,getPrivateSide,Boolean
object,Organization,XmartCrmOrganizations,XmartCrmOrganization,15,recordType,5,organization,N,Y,Y,N,getRecordType,RecordType
attribute,Organization,XmartCrmOrganizations,XmartCrmOrganization,16,recordTypeName,15,recordType,N,Y,Y,N,getRecordTypeName,String
attribute,Organization,XmartCrmOrganizations,XmartCrmOrganization,17,roleId,5,organization,N,Y,Y,N,getRoleId,String
attribute,Organization,XmartCrmOrganizations,XmartCrmOrganization,18,sharingTeamGroup,5,organization,N,Y,Y,N,getSharingTeamGroup,String
attribute,Organization,XmartCrmOrganizations,XmartCrmOrganization,19,shortName,5,organization,N,Y,Y,N,getShortName,String
attribute,Organization,XmartCrmOrganizations,XmartCrmOrganization,20,systemModstamp,5,organization,Y,Y,Y,N,getSystemModstamp,String
attribute,Organization,XmartCrmOrganizations,XmartCrmOrganization,21,description,5,organization,N,Y,Y,N,getDescription,String
attribute,Organization,XmartCrmOrganizations,XmartCrmOrganization,22,isTop,5,organization,Y,Y,Y,N,getIsTop,Boolean
attribute,Organization,XmartCrmOrganizations,XmartCrmOrganization,23,parent,5,organization,N,Y,Y,N,getParent,String
attribute,Organization,XmartCrmOrganizations,XmartCrmOrganization,24,type,5,organization,N,Y,Y,N,getType,String
root,Organization,XmartCrmOrganizationMembers,XmartCrmOrganizationMember,1,xmartCRMSourceEvent,,,Y,,,,,
attribute,Organization,XmartCrmOrganizationMembers,XmartCrmOrganizationMember,2,documentKey,1,xmartCRMSourceEvent,Y,N,Y,Y,getDocumentKey,long
object,Organization,XmartCrmOrganizationMembers,XmartCrmOrganizationMember,3,sourceEvent,1,xmartCRMSourceEvent,Y,Y,N,N,getStreamEvent,CRMSourceEvent
attribute,Organization,XmartCrmOrganizationMembers,XmartCrmOrganizationMember,4,dfVersion,3,sourceEvent,Y,N,Y,Y,getDfVersion,Long
object,Organization,XmartCrmOrganizationMembers,XmartCrmOrganizationMember,5,organization,3,sourceEvent,Y,N,N,N,getOrganization,Organization
collection,Organization,XmartCrmOrganizationMembers,XmartCrmOrganizationMember,6,members,5,organization,N,N,N,N,getMembers,List
attribute,Organization,XmartCrmOrganizationMembers,XmartCrmOrganizationMember,7,createdById,6,members,Y,Y,Y,N,getCreatedById,String
attribute,Organization,XmartCrmOrganizationMembers,XmartCrmOrganizationMember,8,createdDate,6,members,Y,Y,Y,N,getCreatedDate,String
attribute,Organization,XmartCrmOrganizationMembers,XmartCrmOrganizationMember,9,organizationMemberId,6,members,Y,Y,Y,Y,getId,String
attribute,Organization,XmartCrmOrganizationMembers,XmartCrmOrganizationMember,10,lastModifiedById,6,members,Y,Y,Y,N,getLastModifiedById,String
attribute,Organization,XmartCrmOrganizationMembers,XmartCrmOrganizationMember,11,lastModifiedDate,6,members,Y,Y,Y,N,getLastModifiedDate,String
attribute,Organization,XmartCrmOrganizationMembers,XmartCrmOrganizationMember,12,name,6,members,Y,Y,Y,N,getName,String
attribute,Organization,XmartCrmOrganizationMembers,XmartCrmOrganizationMember,13,ownerId,6,members,Y,Y,Y,N,getOwnerId,String
attribute,Organization,XmartCrmOrganizationMembers,XmartCrmOrganizationMember,14,systemModstamp,6,members,Y,Y,Y,N,getSystemModstamp,String
object,Organization,XmartCrmOrganizationMembers,XmartCrmOrganizationMember,15,employee,6,members,N,N,N,N,getEmployee,Employee
attribute,Organization,XmartCrmOrganizationMembers,XmartCrmOrganizationMember,16,ecdId,15,employee,N,Y,Y,N,getECDId,String
attribute,Organization,XmartCrmOrganizationMembers,XmartCrmOrganizationMember,17,organizationStructureId,6,members,Y,Y,Y,Y,getOrganizationStructure,String
attribute,Organization,XmartCrmOrganizationMembers,XmartCrmOrganizationMember,18,role,6,members,N,Y,Y,N,getRole,String
attribute,Organization,XmartCrmOrganizationMembers,XmartCrmOrganizationMember,19,userId,6,members,N,Y,Y,N,getUserId,String
root,Contact,XmartCrmContacts,XmartCrmContact,1,xmartCRMSourceEvent,,,Y,,,,,
attribute,Contact,XmartCrmContacts,XmartCrmContact,2,documentKey,1,xmartCRMSourceEvent,Y,N,Y,Y,getDocumentKey,long
object,Contact,XmartCrmContacts,XmartCrmContact,3,sourceEvent,1,xmartCRMSourceEvent,Y,N,N,N,getStreamEvent,CRMSourceEvent
attribute,Contact,XmartCrmContacts,XmartCrmContact,4,dfVersion,3,sourceEvent,Y,N,Y,Y,getDfVersion,Long
object,Contact,XmartCrmContacts,XmartCrmContact,5,contact,3,sourceEvent,Y,N,N,N,getContact,Contact
object,Contact,XmartCrmContacts,XmartCrmContact,6,account,5,contact,N,N,N,N,getAccount,Account
attribute,Contact,XmartCrmContacts,XmartCrmContact,7,externalAccountNumber,6,account,N,Y,Y,N,getExternalAccountNumber,String
attribute,Contact,XmartCrmContacts,XmartCrmContact,8,accountType,5,contact,N,Y,Y,N,getAccountType,String
attribute,Contact,XmartCrmContacts,XmartCrmContact,9,allMarketingOptOut,5,contact,N,Y,Y,N,getAllMarketingOptOut,Boolean
attribute,Contact,XmartCrmContacts,XmartCrmContact,10,assistantName,5,contact,N,Y,Y,N,getAssistantName,String
attribute,Contact,XmartCrmContacts,XmartCrmContact,11,assistantPhone,5,contact,N,Y,Y,N,getAssistantPhone,String
attribute,Contact,XmartCrmContacts,XmartCrmContact,12,assistantEmailAddress,5,contact,N,Y,Y,N,getAssistantEmailAddress,String
attribute,Contact,XmartCrmContacts,XmartCrmContact,13,bloombergEmailAddress,5,contact,N,Y,Y,N,getBloombergEmailAddress,String
attribute,Contact,XmartCrmContacts,XmartCrmContact,14,businessEmailAddress,5,contact,N,Y,Y,N,getBusinessEmailAddress,String
attribute,Contact,XmartCrmContacts,XmartCrmContact,15,businessPhone,5,contact,N,Y,Y,N,getBusinessPhone,String
attribute,Contact,XmartCrmContacts,XmartCrmContact,16,chatOptOut,5,contact,N,Y,Y,N,getChatOptOut,Boolean
attribute,Contact,XmartCrmContacts,XmartCrmContact,17,country,5,contact,N,Y,Y,N,getCountry,String
attribute,Contact,XmartCrmContacts,XmartCrmContact,18,createdById,5,contact,Y,Y,Y,N,getCreatedById,String
attribute,Contact,XmartCrmContacts,XmartCrmContact,19,createdDate,5,contact,Y,Y,Y,N,getCreatedDate,String
attribute,Contact,XmartCrmContacts,XmartCrmContact,20,cTIAssistantPhone,5,contact,N,Y,Y,N,getCTIAssistantPhone,String
attribute,Contact,XmartCrmContacts,XmartCrmContact,21,cTIBusinessPhone,5,contact,N,Y,Y,N,getCTIBusinessPhone,String
attribute,Contact,XmartCrmContacts,XmartCrmContact,22,cTIMobilePhone,5,contact,N,Y,Y,N,getCTIMobilePhone,String
attribute,Contact,XmartCrmContacts,XmartCrmContact,23,cTIOtherPhoneNumber,5,contact,N,Y,Y,N,getCTIOtherPhoneNumber,String
attribute,Contact,XmartCrmContacts,XmartCrmContact,24,deactivatedBy,5,contact,N,Y,Y,N,getDeactivatedBy,String
attribute,Contact,XmartCrmContacts,XmartCrmContact,25,deactivationDate,5,contact,N,Y,Y,N,getDeactivationDate,String
attribute,Contact,XmartCrmContacts,XmartCrmContact,26,department,5,contact,N,Y,Y,N,getDepartment,String
attribute,Contact,XmartCrmContacts,XmartCrmContact,27,contactDescription,5,contact,N,Y,Y,N,getDescription,String
attribute,Contact,XmartCrmContacts,XmartCrmContact,28,deskStrategyOptOut,5,contact,N,Y,Y,N,getDeskStrategyOptOut,Boolean
attribute,Contact,XmartCrmContacts,XmartCrmContact,29,contactId,5,contact,Y,N,Y,Y,getId,String
attribute,Contact,XmartCrmContacts,XmartCrmContact,30,division,5,contact,N,Y,Y,N,getDivision,String
attribute,Contact,XmartCrmContacts,XmartCrmContact,31,doNotCall,5,contact,N,Y,Y,N,getDoNotCall,Boolean
attribute,Contact,XmartCrmContacts,XmartCrmContact,32,ecdId,5,contact,N,Y,Y,N,getECDId,String
attribute,Contact,XmartCrmContacts,XmartCrmContact,33,email,5,contact,N,Y,Y,N,getEmail,String
attribute,Contact,XmartCrmContacts,XmartCrmContact,34,firstName,5,contact,N,Y,Y,N,getFirstName,String
attribute,Contact,XmartCrmContacts,XmartCrmContact,35,greenwichVoter,5,contact,N,Y,Y,N,getGreenwichVoter,Boolean
attribute,Contact,XmartCrmContacts,XmartCrmContact,36,hasOptedOutOfEmail,5,contact,N,Y,Y,N,getHasOptedOutOfEmail,Boolean
attribute,Contact,XmartCrmContacts,XmartCrmContact,37,homeEmail,5,contact,N,Y,Y,N,getHomeEmail,String
attribute,Contact,XmartCrmContacts,XmartCrmContact,38,homePhone,5,contact,N,Y,Y,N,getHomePhone,String
attribute,Contact,XmartCrmContacts,XmartCrmContact,39,incomingCallNumber,5,contact,N,Y,Y,N,getIncomingCallNumber,String
attribute,Contact,XmartCrmContacts,XmartCrmContact,40,isEmailBounced,5,contact,N,Y,Y,N,getIsEmailBounced,Boolean
attribute,Contact,XmartCrmContacts,XmartCrmContact,41,isMyCoverage,5,contact,N,Y,Y,N,getIsMyCoverage,Boolean
attribute,Contact,XmartCrmContacts,XmartCrmContact,42,jobRole,5,contact,N,Y,Y,N,getJobRole,String
attribute,Contact,XmartCrmContacts,XmartCrmContact,43,lastModifiedById,5,contact,Y,Y,Y,N,getLastModifiedById,String
attribute,Contact,XmartCrmContacts,XmartCrmContact,44,lastModifiedDate,5,contact,Y,Y,Y,N,getLastModifiedDate,String
attribute,Contact,XmartCrmContacts,XmartCrmContact,45,lastName,5,contact,Y,Y,Y,N,getLastName,String
object,Contact,XmartCrmContacts,XmartCrmContact,46,mailingAddress,5,contact,N,N,N,N,getMailingAddress,MailingAddress
attribute,Contact,XmartCrmContacts,XmartCrmContact,47,mailingAddressCity,46,mailingAddress,N,Y,Y,N,getCity,String
attribute,Contact,XmartCrmContacts,XmartCrmContact,48,mailingAddressCountry,46,mailingAddress,N,Y,Y,N,getCountry,String
attribute,Contact,XmartCrmContacts,XmartCrmContact,49,mailingAddressLatitude,46,mailingAddress,N,Y,Y,N,getLatitude,String
attribute,Contact,XmartCrmContacts,XmartCrmContact,50,mailingAddressLongitude,46,mailingAddress,N,Y,Y,N,getLongitude,String
attribute,Contact,XmartCrmContacts,XmartCrmContact,51,mailingAddressPostalCode,46,mailingAddress,N,Y,Y,N,getPostalCode,String
attribute,Contact,XmartCrmContacts,XmartCrmContact,52,mailingAddressState,46,mailingAddress,N,Y,Y,N,getState,String
attribute,Contact,XmartCrmContacts,XmartCrmContact,53,mailingAddressStreet,46,mailingAddress,N,Y,Y,N,getStreet,String
attribute,Contact,XmartCrmContacts,XmartCrmContact,54,marketingOptOut,5,contact,N,Y,Y,N,getMarketingOptOut,Boolean
attribute,Contact,XmartCrmContacts,XmartCrmContact,55,middleName,5,contact,N,Y,Y,N,getMiddleName,String
attribute,Contact,XmartCrmContacts,XmartCrmContact,56,mobilePhone,5,contact,N,Y,Y,N,getMobilePhone,String
attribute,Contact,XmartCrmContacts,XmartCrmContact,57,name,5,contact,Y,Y,Y,N,getName,String
object,Contact,XmartCrmContacts,XmartCrmContact,58,otherAddress,5,contact,N,N,N,N,getOtherAddress,MailingAddress
attribute,Contact,XmartCrmContacts,XmartCrmContact,59,otherAddressCity,58,otherAddress,N,Y,Y,N,getCity,String
attribute,Contact,XmartCrmContacts,XmartCrmContact,60,otherAddressCountry,58,otherAddress,N,Y,Y,N,getCountry,String
attribute,Contact,XmartCrmContacts,XmartCrmContact,61,otherAddressLatitude,58,otherAddress,N,Y,Y,N,getLatitude,String
attribute,Contact,XmartCrmContacts,XmartCrmContact,62,otherAddressLongitude,58,otherAddress,N,Y,Y,N,getLongitude,String
attribute,Contact,XmartCrmContacts,XmartCrmContact,63,otherAddressPostalCode,58,otherAddress,N,Y,Y,N,getPostalCode,String
attribute,Contact,XmartCrmContacts,XmartCrmContact,64,otherAddressState,58,otherAddress,N,Y,Y,N,getState,String
attribute,Contact,XmartCrmContacts,XmartCrmContact,65,otherAddressStreet,58,otherAddress,N,Y,Y,N,getStreet,String
attribute,Contact,XmartCrmContacts,XmartCrmContact,66,otherBusinessEmailAddress,5,contact,N,Y,Y,N,getOtherBusinessEmailAddress,String
attribute,Contact,XmartCrmContacts,XmartCrmContact,67,otherPhoneNumber,5,contact,N,Y,Y,N,getOtherPhoneNumber,String
attribute,Contact,XmartCrmContacts,XmartCrmContact,68,ownerId,5,contact,Y,Y,Y,N,getOwnerId,String
attribute,Contact,XmartCrmContacts,XmartCrmContact,69,phone,5,contact,N,Y,Y,N,getPhone,String
attribute,Contact,XmartCrmContacts,XmartCrmContact,70,postalOptOut,5,contact,N,Y,Y,N,getPostalOptOut,Boolean
attribute,Contact,XmartCrmContacts,XmartCrmContact,71,roadshowAndEventsOptOut,5,contact,N,Y,Y,N,getRoadshowAndEventsOptOut,Boolean
attribute,Contact,XmartCrmContacts,XmartCrmContact,72,role,5,contact,N,Y,Y,N,getRole,String
attribute,Contact,XmartCrmContacts,XmartCrmContact,73,salutation,5,contact,N,Y,Y,N,getSalutation,String
attribute,Contact,XmartCrmContacts,XmartCrmContact,74,systemModstamp,5,contact,Y,Y,Y,N,getSystemModstamp,String
attribute,Contact,XmartCrmContacts,XmartCrmContact,75,bVMOptOut,5,contact,N,Y,Y,N,getBVMOptOut,Boolean
attribute,Contact,XmartCrmContacts,XmartCrmContact,76,hasPriorityCoverage,5,contact,N,Y,Y,N,getHasPriorityCoverage,Boolean
attribute,Contact,XmartCrmContacts,XmartCrmContact,77,inactiveComments,5,contact,N,Y,Y,N,getInactiveComments,String
attribute,Contact,XmartCrmContacts,XmartCrmContact,78,inactive,5,contact,Y,Y,Y,N,getInactive,Boolean
attribute,Contact,XmartCrmContacts,XmartCrmContact,79,interactionExists,5,contact,N,Y,Y,N,getInteractionExists,Boolean
attribute,Contact,XmartCrmContacts,XmartCrmContact,80,isAway,5,contact,N,Y,Y,N,getIsAway,Boolean
attribute,Contact,XmartCrmContacts,XmartCrmContact,81,jobFunction,5,contact,N,Y,Y,N,getJobFunction,String
attribute,Contact,XmartCrmContacts,XmartCrmContact,82,userId,5,contact,N,Y,Y,N,getUser,String
attribute,Contact,XmartCrmContacts,XmartCrmContact,83,title,5,contact,N,Y,Y,N,getTitle,String
attribute,Contact,XmartCrmContacts,XmartCrmContact,84,uSPersons,5,contact,N,Y,Y,N,getUSPersons,Boolean
root,Interest,XmartCrmInterests,XmartCrmInterest,1,xmartCRMSourceEvent,,,Y,,,,,
attribute,Interest,XmartCrmInterests,XmartCrmInterest,2,documentKey,1,xmartCRMSourceEvent,Y,N,Y,Y,getDocumentKey,long
object,Interest,XmartCrmInterests,XmartCrmInterest,3,sourceEvent,1,xmartCRMSourceEvent,Y,N,N,N,getStreamEvent,CRMSourceEvent
attribute,Interest,XmartCrmInterests,XmartCrmInterest,4,dfVersion,3,sourceEvent,Y,N,Y,Y,getDfVersion,Long
object,Interest,XmartCrmInterests,XmartCrmInterest,5,interest,3,sourceEvent,Y,N,N,N,getInterest,Interest
attribute,Interest,XmartCrmInterests,XmartCrmInterest,6,createdById,5,interest,Y,Y,Y,N,getCreatedById,String
attribute,Interest,XmartCrmInterests,XmartCrmInterest,7,createdDate,5,interest,Y,Y,Y,N,getCreatedDate,String
attribute,Interest,XmartCrmInterests,XmartCrmInterest,8,interestId,5,interest,Y,Y,Y,Y,getId,String
attribute,Interest,XmartCrmInterests,XmartCrmInterest,9,lastModifiedById,5,interest,Y,Y,Y,N,getLastModifiedById,String
attribute,Interest,XmartCrmInterests,XmartCrmInterest,10,lastModifiedDate,5,interest,Y,Y,Y,N,getLastModifiedDate,String
attribute,Interest,XmartCrmInterests,XmartCrmInterest,11,name,5,interest,Y,Y,Y,N,getName,String
attribute,Interest,XmartCrmInterests,XmartCrmInterest,12,ownerId,5,interest,Y,Y,Y,N,getOwnerId,String
attribute,Interest,XmartCrmInterests,XmartCrmInterest,13,systemModstamp,5,interest,Y,Y,Y,N,getSystemModstamp,String
object,Interest,XmartCrmInterests,XmartCrmInterest,14,account,5,interest,N,N,N,N,getAccount,Account
attribute,Interest,XmartCrmInterests,XmartCrmInterest,15,externalAccountNumber,14,account,N,Y,Y,N,getExternalAccountNumber,String
attribute,Interest,XmartCrmInterests,XmartCrmInterest,16,asOfDate,5,interest,N,Y,Y,N,getAsOfDate,String
attribute,Interest,XmartCrmInterests,XmartCrmInterest,17,contactId,5,interest,N,Y,Y,N,getContact,String
attribute,Interest,XmartCrmInterests,XmartCrmInterest,18,expiredModifiedDate,5,interest,N,Y,Y,N,getExpiredModifiedDate,String
attribute,Interest,XmartCrmInterests,XmartCrmInterest,19,expired,5,interest,N,Y,Y,N,getExpired,Boolean
object,Interest,XmartCrmInterests,XmartCrmInterest,20,interestSubject,5,interest,N,N,N,N,getInterestSubject,InterestSubject
attribute,Interest,XmartCrmInterests,XmartCrmInterest,21,subjectId,20,interestSubject,Y,Y,Y,N,getId,String
attribute,Interest,XmartCrmInterests,XmartCrmInterest,22,subjectName,20,interestSubject,Y,Y,Y,N,getName,String
object,Interest,XmartCrmInterests,XmartCrmInterest,23,interestSubjectType,20,interestSubject,N,N,N,N,getInterestSubjectType,InterestSubjectType
attribute,Interest,XmartCrmInterests,XmartCrmInterest,24,subjectTypeId,23,interestSubjectType,Y,Y,Y,N,getId,String
attribute,Interest,XmartCrmInterests,XmartCrmInterest,25,subjectTypeName,23,interestSubjectType,Y,Y,Y,N,getName,String
attribute,Interest,XmartCrmInterests,XmartCrmInterest,26,isDisinterest,5,interest,N,Y,Y,N,getIsDisinterest,Boolean
attribute,Interest,XmartCrmInterests,XmartCrmInterest,27,lastDiscussed,5,interest,N,Y,Y,N,getLastDiscussed,String
attribute,Interest,XmartCrmInterests,XmartCrmInterest,28,note,5,interest,N,Y,Y,N,getNote,String
attribute,Interest,XmartCrmInterests,XmartCrmInterest,29,reason,5,interest,N,Y,Y,N,getReason,String
attribute,Interest,XmartCrmInterests,XmartCrmInterest,30,source,5,interest,N,Y,Y,N,getSource,String
root,AccountDesk,XmartCrmAccountDesks,XmartCrmAccountDesk,1,xmartCRMSourceEvent,,,Y,,,,,
attribute,AccountDesk,XmartCrmAccountDesks,XmartCrmAccountDesk,2,documentKey,1,xmartCRMSourceEvent,Y,N,Y,Y,getDocumentKey,long
object,AccountDesk,XmartCrmAccountDesks,XmartCrmAccountDesk,3,sourceEvent,1,xmartCRMSourceEvent,Y,N,N,N,getStreamEvent,CRMSourceEvent
attribute,AccountDesk,XmartCrmAccountDesks,XmartCrmAccountDesk,4,dfVersion,3,sourceEvent,Y,N,Y,Y,getDfVersion,Long
object,AccountDesk,XmartCrmAccountDesks,XmartCrmAccountDesk,5,accountDesk,3,sourceEvent,Y,N,N,N,getAccountDesk,AccountDesk
object,AccountDesk,XmartCrmAccountDesks,XmartCrmAccountDesk,6,account,5,accountDesk,Y,N,N,N,getAccount,Account
attribute,AccountDesk,XmartCrmAccountDesks,XmartCrmAccountDesk,7,externalAccountNumber,6,account,N,Y,Y,N,getExternalAccountNumber,String
attribute,AccountDesk,XmartCrmAccountDesks,XmartCrmAccountDesk,8,deskDescription,5,accountDesk,N,Y,Y,N,getDeskDescription,String
attribute,AccountDesk,XmartCrmAccountDesks,XmartCrmAccountDesk,9,directLineId,5,accountDesk,N,Y,Y,N,getDirectLineID,String
attribute,AccountDesk,XmartCrmAccountDesks,XmartCrmAccountDesk,10,accountDeskId,5,accountDesk,Y,Y,Y,N,getId,String
attribute,AccountDesk,XmartCrmAccountDesks,XmartCrmAccountDesk,11,lastModifiedDate,5,accountDesk,Y,Y,Y,N,getLastModifiedDate,String
