Element Type,SourceObject,Element Collection,Element Group,Element Id,Element Name,Parent Element Id,Parent Element Name,Mandatory Element,Trigger Attribute,Output Attribute,Key Attribute,Method Name,Method Return Type,Parameter1
root,FXmifidTradeEligibility,XmartFactInquiryBestExecEligibilities,XmartFactInquiryBestExecEligibility,1,xmartKdbSourceEvent,,,Y,,,,,,
attribute,FXmifidTradeEligibility,XmartFactInquiryBestExecEligibilities,XmartFactInquiryBestExecEligibility,2,documentKey,1,xmartKdbSourceEvent,Y,Y,Y,Y,getDocumentKey,long,
attribute,FXmifidTradeEligibility,XmartFactInquiryBestExecEligibilities,XmartFactInquiryBestExecEligibility,3,date,1,xmartKdbSourceEvent,Y,Y,Y,N,getMapValue,Date,date
attribute,FXmifidTradeEligibility,XmartFactInquiryBestExecEligibilities,XmartFactInquiryBestExecEligibility,4,sym,1,xmartKdbSourceEvent,Y,Y,Y,N,getMapValue,String,sym
attribute,FXmifidTradeEligibility,XmartFactInquiryBestExecEligibilities,XmartFactInquiryBestExecEligibility,5,sourceIdValue,1,xmartKdbSourceEvent,Y,Y,Y,N,getMapValue,String,id_val
attribute,FXmifidTradeEligibility,XmartFactInquiryBestExecEligibilities,XmartFactInquiryBestExecEligibility,6,sourceLegValue,1,xmartKdbSourceEvent,N,N,Y,N,getMapValue,String,leg_val
attribute,FXmifidTradeEligibility,XmartFactInquiryBestExecEligibilities,XmartFactInquiryBestExecEligibility,7,source,1,xmartKdbSourceEvent,Y,Y,Y,N,getMapValue,String,table
attribute,FXmifidTradeEligibility,XmartFactInquiryBestExecEligibilities,XmartFactInquiryBestExecEligibility,8,rawDate,1,xmartKdbSourceEvent,N,N,N,N,getMapValue,Date,date
attribute,FXmifidTradeEligibility,XmartFactInquiryBestExecEligibilities,XmartFactInquiryBestExecEligibility,9,rawTime,1,xmartKdbSourceEvent,N,N,N,N,getMapValue,Time,time
business_rule,FXmifidTradeEligibility,XmartFactInquiryBestExecEligibilities,XmartFactInquiryBestExecEligibility,10,time,1,xmartKdbSourceEvent,N,Y,Y,N,extractKdbDateTime,LocalDateTime,
attribute,FXmifidTradeEligibility,XmartFactInquiryBestExecEligibilities,XmartFactInquiryBestExecEligibility,11,isin,1,xmartKdbSourceEvent,N,N,Y,N,getMapValue,String,isin
attribute,FXmifidTradeEligibility,XmartFactInquiryBestExecEligibilities,XmartFactInquiryBestExecEligibility,12,rTS27Eligible,1,xmartKdbSourceEvent,N,N,Y,N,getMapValue,String,RTS_27_eligible
attribute,FXmifidTradeEligibility,XmartFactInquiryBestExecEligibilities,XmartFactInquiryBestExecEligibility,13,outOfScopeReason,1,xmartKdbSourceEvent,N,N,Y,N,getMapValue,String,out_of_scope_reason
attribute,FXmifidTradeEligibility,XmartFactInquiryBestExecEligibilities,XmartFactInquiryBestExecEligibility,14,nucleusId,1,xmartKdbSourceEvent,N,N,Y,N,getMapValue,String,nucleus_id
attribute,FXmifidTradeEligibility,XmartFactInquiryBestExecEligibilities,XmartFactInquiryBestExecEligibility,15,executionTradeId,1,xmartKdbSourceEvent,N,N,Y,N,getMapValue,String,execution_trade_id
root,FXmifidRFQ,XmartKdbInquiryHeaders,XmartKdbInquiryHeader,1,xmartKdbSourceEvent,,,Y,,,,,,
attribute,FXmifidRFQ,XmartKdbInquiryHeaders,XmartKdbInquiryHeader,2,documentKey,1,xmartKdbSourceEvent,Y,Y,Y,Y,getDocumentKey,long,
attribute,FXmifidRFQ,XmartKdbInquiryHeaders,XmartKdbInquiryHeader,3,counterpartyId,1,xmartKdbSourceEvent,N,Y,Y,N,getMapValue,String,account
attribute,FXmifidRFQ,XmartKdbInquiryHeaders,XmartKdbInquiryHeader,4,product_types,1,xmartKdbSourceEvent,N,N,N,N,getMapValue,String[],product_type
attribute_rule,FXmifidRFQ,XmartKdbInquiryHeaders,XmartKdbInquiryHeader,5,product,4,product_types,N,Y,Y,N,mapKdbStringArrayFirstString,String,
attribute,FXmifidRFQ,XmartKdbInquiryHeaders,XmartKdbInquiryHeader,6,quoteDate,1,xmartKdbSourceEvent,N,Y,Y,N,getMapValue,Date,date
attribute,FXmifidRFQ,XmartKdbInquiryHeaders,XmartKdbInquiryHeader,7,requestMethod,1,xmartKdbSourceEvent,N,Y,Y,N,getMapValue,String,sender_comp_id
attribute,FXmifidRFQ,XmartKdbInquiryHeaders,XmartKdbInquiryHeader,8,sourceReference,1,xmartKdbSourceEvent,N,Y,Y,N,getMapValue,String,ecom_id
attribute,FXmifidRFQ,XmartKdbInquiryHeaders,XmartKdbInquiryHeader,9,sourceSystemCode,1,xmartKdbSourceEvent,N,Y,Y,N,setFixedValue,String,FX RFQ
attribute,FXmifidRFQ,XmartKdbInquiryHeaders,XmartKdbInquiryHeader,10,trueOriginSystem,1,xmartKdbSourceEvent,N,Y,Y,N,getMapValue,String,platform_id
attribute,FXmifidRFQ,XmartKdbInquiryHeaders,XmartKdbInquiryHeader,11,raw_user_name,1,xmartKdbSourceEvent,N,N,N,N,getMapValue,Object[],user_name
attribute_rule,FXmifidRFQ,XmartKdbInquiryHeaders,XmartKdbInquiryHeader,12,userCode,11,raw_user_name,N,Y,Y,N,mapKdbObjectArrayFirstString,String,
attribute,FXmifidRFQ,XmartKdbInquiryHeaders,XmartKdbInquiryHeader,13,rawTime,1,xmartKdbSourceEvent,N,N,N,N,getMapValue,Time,rfq_quote_request_time
attribute,FXmifidRFQ,XmartKdbInquiryHeaders,XmartKdbInquiryHeader,14,rawDate,1,xmartKdbSourceEvent,N,N,N,N,getMapValue,Date,date
business_rule,FXmifidRFQ,XmartKdbInquiryHeaders,XmartKdbInquiryHeader,15,quoteTime,1,xmartKdbSourceEvent,N,Y,Y,N,extractKdbDateTime,LocalDateTime,
attribute,FXmifidRFQ,XmartKdbInquiryHeaders,XmartKdbInquiryHeader,16,micCode,1,xmartKdbSourceEvent,N,Y,Y,N,getMapValue,String,venue_mic_code
attribute,FXmifidRFQ,XmartKdbInquiryHeaders,XmartKdbInquiryHeader,17,salesPersonCode,1,xmartKdbSourceEvent,N,Y,Y,N,getMapValue,String,party_id
attribute,FXmifidRFQ,XmartKdbInquiryHeaders,XmartKdbInquiryHeader,18,maker_lei,1,xmartKdbSourceEvent,N,N,N,N,getMapValue,Object[],maker_lei
attribute_rule,FXmifidRFQ,XmartKdbInquiryHeaders,XmartKdbInquiryHeader,19,rbsEntityCode,18,maker_lei,N,Y,Y,N,mapKdbObjectArrayFirstString,String,
attribute,FXmifidRFQ,XmartKdbInquiryHeaders,XmartKdbInquiryHeader,20,quotePriceType,1,xmartKdbSourceEvent,N,Y,Y,N,getMapValue,String,quote_price_type
attribute,FXmifidRFQ,XmartKdbInquiryHeaders,XmartKdbInquiryHeader,21,numberOfLegs,1,xmartKdbSourceEvent,N,Y,Y,N,getMapValue,Integer,number_of_legs
attribute,FXmifidRFQ,XmartKdbInquiryHeaders,XmartKdbInquiryHeader,22,preTradeWaivers,1,xmartKdbSourceEvent,N,Y,Y,N,getMapValue,String,pre_trade_waivers
attribute,FXmifidRFQ,XmartKdbInquiryHeaders,XmartKdbInquiryHeader,22,isBaseTraded,1,xmartKdbSourceEvent,N,Y,Y,N,getMapValue,Boolean,is_base_traded
attribute,FXmifidRFQ,XmartKdbInquiryHeaders,XmartKdbInquiryHeader,23,nucleusId,1,xmartKdbSourceEvent,N,Y,Y,N,getMapValue,String,NUC_PARTYID
attribute,FXmifidRFQ,XmartKdbInquiryHeaders,XmartKdbInquiryHeader,24,nucleusCounterpartyName,1,xmartKdbSourceEvent,N,Y,Y,N,getMapValue,String,NUC_PARTY_NAME
root,FXmifidRFQ,XmartKdbInquiryLegs,XmartKdbInquiryLeg,1,xmartKdbSourceEvent,,,Y,,,,,,
attribute,FXmifidRFQ,XmartKdbInquiryLegs,XmartKdbInquiryLeg,2,documentKey,1,xmartKdbSourceEvent,Y,N,Y,Y,getDocumentKey,long,
attribute,FXmifidRFQ,XmartKdbInquiryLegs,XmartKdbInquiryLeg,3,currencyPair,1,xmartKdbSourceEvent,N,N,Y,N,getMapValue,String,sym
attribute,FXmifidRFQ,XmartKdbInquiryLegs,XmartKdbInquiryLeg,4,rawTime,1,xmartKdbSourceEvent,N,N,N,N,getMapValue,Time,rfq_quote_request_time
attribute,FXmifidRFQ,XmartKdbInquiryLegs,XmartKdbInquiryLeg,5,rawDate,1,xmartKdbSourceEvent,N,N,N,N,getMapValue,Date,date
business_rule,FXmifidRFQ,XmartKdbInquiryLegs,XmartKdbInquiryLeg,6,quoteTime,1,xmartKdbSourceEvent,N,N,Y,N,extractKdbDateTime,LocalDateTime,
attribute,FXmifidRFQ,XmartKdbInquiryLegs,XmartKdbInquiryLeg,7,quoteDate,1,xmartKdbSourceEvent,N,N,Y,N,getMapValue,Date,date
attribute,FXmifidRFQ,XmartKdbInquiryLegs,XmartKdbInquiryLeg,8,raw_security_type,1,xmartKdbSourceEvent,N,N,N,N,getMapValue,String[],security_type
attribute,FXmifidRFQ,XmartKdbInquiryLegs,XmartKdbInquiryLeg,9,raw_settl_date,1,xmartKdbSourceEvent,N,N,N,N,getMapValue,Date[],settl_date
attribute,FXmifidRFQ,XmartKdbInquiryLegs,XmartKdbInquiryLeg,10,raw_isin_code,1,xmartKdbSourceEvent,N,N,N,N,getMapValue,String[],isin_code
attribute,FXmifidRFQ,XmartKdbInquiryLegs,XmartKdbInquiryLeg,11,raw_leg_security_id,1,xmartKdbSourceEvent,N,N,N,N,getMapValue,Object[],leg_security_id
attribute,FXmifidRFQ,XmartKdbInquiryLegs,XmartKdbInquiryLeg,12,raw_quantity,1,xmartKdbSourceEvent,N,N,N,N,getMapValue,double[],quantity
attribute,FXmifidRFQ,XmartKdbInquiryLegs,XmartKdbInquiryLeg,13,raw_bank_buy_sell,1,xmartKdbSourceEvent,N,N,N,N,getMapValue,String[],bank_buy_sell
attribute,FXmifidRFQ,XmartKdbInquiryLegs,XmartKdbInquiryLeg,14,raw_option_date,1,xmartKdbSourceEvent,N,N,N,N,getMapValue,Date[],option_date
business_rule,FXmifidRFQ,XmartKdbInquiryLegs,XmartKdbInquiryLeg,15,legs_rule,1,xmartKdbSourceEvent,N,N,N,N,extractFxRfqInquiryLegs,XmartKdbInquiryLegs,
collection,FXmifidRFQ,XmartKdbInquiryLegs,XmartKdbInquiryLeg,16,legs,15,legs_rule,N,,,,getInquiryLegs,Collection,
attribute,FXmifidRFQ,XmartKdbInquiryLegs,XmartKdbInquiryLeg,17,deliveryType,16,legs,N,Y,Y,N,getDeliveryType,String,
attribute,FXmifidRFQ,XmartKdbInquiryLegs,XmartKdbInquiryLeg,18,expiryDate,16,legs,N,Y,Y,N,getExpiryDate,LocalDateTime,
attribute,FXmifidRFQ,XmartKdbInquiryLegs,XmartKdbInquiryLeg,19,isin,16,legs,N,Y,Y,N,getIsin,String,
attribute,FXmifidRFQ,XmartKdbInquiryLegs,XmartKdbInquiryLeg,20,legIndex,16,legs,N,Y,Y,N,getLegIndex,String,
attribute,FXmifidRFQ,XmartKdbInquiryLegs,XmartKdbInquiryLeg,21,notional,16,legs,N,Y,Y,N,getNotional,Double,
attribute,FXmifidRFQ,XmartKdbInquiryLegs,XmartKdbInquiryLeg,22,buySell,16,legs,N,Y,Y,N,getBuySell,String,
attribute,FXmifidRFQ,XmartKdbInquiryLegs,XmartKdbInquiryLeg,23,optionDate,16,legs,N,Y,Y,N,getOptionDate,Date,
root,FXmifidRFQ,XmartKdbInquiryStates,XmartKdbInquiryState,1,xmartKdbSourceEvent,,,Y,,,,,,
attribute,FXmifidRFQ,XmartKdbInquiryStates,XmartKdbInquiryState,2,documentKey,1,xmartKdbSourceEvent,Y,N,Y,Y,getDocumentKey,long,
attribute,FXmifidRFQ,XmartKdbInquiryStates,XmartKdbInquiryState,3,rawTime,1,xmartKdbSourceEvent,N,N,N,N,getMapValue,Time,rfq_quote_request_time
attribute,FXmifidRFQ,XmartKdbInquiryStates,XmartKdbInquiryState,4,rawDate,1,xmartKdbSourceEvent,N,N,N,N,getMapValue,Date,date
business_rule,FXmifidRFQ,XmartKdbInquiryStates,XmartKdbInquiryState,5,quoteTime,1,xmartKdbSourceEvent,N,N,Y,N,extractKdbDateTime,LocalDateTime,
attribute,FXmifidRFQ,XmartKdbInquiryStates,XmartKdbInquiryState,6,quoteDate,1,xmartKdbSourceEvent,N,N,Y,N,getMapValue,Date,date
attribute,FXmifidRFQ,XmartKdbInquiryStates,XmartKdbInquiryState,7,rfq_quote_request_transact_time,1,xmartKdbSourceEvent,N,N,N,N,getMapValue,Timestamp,rfq_quote_request_transact_time
attribute,FXmifidRFQ,XmartKdbInquiryStates,XmartKdbInquiryState,8,rfq_order_time,1,xmartKdbSourceEvent,N,N,N,N,getMapValue,Time,rfq_order_time
attribute,FXmifidRFQ,XmartKdbInquiryStates,XmartKdbInquiryState,9,rfq_order_transact_time,1,xmartKdbSourceEvent,N,N,N,N,getMapValue,Timestamp,rfq_order_transact_time
attribute,FXmifidRFQ,XmartKdbInquiryStates,XmartKdbInquiryState,10,sending_time,1,xmartKdbSourceEvent,N,N,N,N,getMapValue,Timestamp,sending_time
attribute,FXmifidRFQ,XmartKdbInquiryStates,XmartKdbInquiryState,11,received_time,1,xmartKdbSourceEvent,N,N,N,N,getMapValue,Timestamp,received_time
attribute,FXmifidRFQ,XmartKdbInquiryStates,XmartKdbInquiryState,12,rfq_execution_ack_transact_time,1,xmartKdbSourceEvent,N,N,N,N,getMapValue,Timestamp,rfq_execution_ack_transact_time
attribute,FXmifidRFQ,XmartKdbInquiryStates,XmartKdbInquiryState,13,rfq_execution_report_transact_time,1,xmartKdbSourceEvent,N,N,N,N,getMapValue,Timestamp,rfq_execution_report_transact_time
attribute,FXmifidRFQ,XmartKdbInquiryStates,XmartKdbInquiryState,14,rate_send_time,1,xmartKdbSourceEvent,N,N,N,N,getMapValue,Timestamp[],rate_send_time
attribute,FXmifidRFQ,XmartKdbInquiryStates,XmartKdbInquiryState,15,status,1,xmartKdbSourceEvent,N,N,N,N,getMapValue,String[],status
attribute,FXmifidRFQ,XmartKdbInquiryStates,XmartKdbInquiryState,16,request_time,1,xmartKdbSourceEvent,N,N,N,N,getMapValue,Timestamp[],request_time
attribute,FXmifidRFQ,XmartKdbInquiryStates,XmartKdbInquiryState,17,rfq_price_quote_idx,1,xmartKdbSourceEvent,N,N,N,N,getMapValue,int[],rfq_price_quote_idx
attribute,FXmifidRFQ,XmartKdbInquiryStates,XmartKdbInquiryState,18,tradability_status,1,xmartKdbSourceEvent,N,N,N,N,getMapValue,String[],tradability_status
business_rule,FXmifidRFQ,XmartKdbInquiryStates,XmartKdbInquiryState,19,states_rule,1,xmartKdbSourceEvent,N,N,N,N,extractFxRfqInquiryStates,XmartKdbInquiryStates,
collection,FXmifidRFQ,XmartKdbInquiryStates,XmartKdbInquiryState,20,states,19,states_rule,N,,,,getInquiryStates,Collection,
attribute,FXmifidRFQ,XmartKdbInquiryStates,XmartKdbInquiryState,21,rawState,20,states,N,Y,Y,N,getStateCode,String,
attribute,FXmifidRFQ,XmartKdbInquiryStates,XmartKdbInquiryState,22,stateEnteredTimestamp,20,states,N,Y,Y,N,getStateDateTime,LocalDateTime,
attribute,FXmifidRFQ,XmartKdbInquiryStates,XmartKdbInquiryState,23,stateConversationReference,20,states,N,N,Y,N,getStateConversationReference,String,
attribute,FXmifidRFQ,XmartKdbInquiryStates,XmartKdbInquiryState,24,rawStateType,20,states,N,N,Y,N,getStateType,String,
attribute,FXmifidRFQ,XmartKdbInquiryStates,XmartKdbInquiryState,25,lastAcceptedAppDateLocal,20,states,N,N,Y,N,getLastAcceptedAppDateLocal,LocalDateTime,
root,FXmifidRFQ,XmartKdbInquiryReferences,XmartKdbInquiryReference,1,xmartKdbSourceEvent,,,Y,,,,,,
attribute,FXmifidRFQ,XmartKdbInquiryReferences,XmartKdbInquiryReference,2,documentKey,1,xmartKdbSourceEvent,Y,N,Y,Y,getDocumentKey,long,
attribute,FXmifidRFQ,XmartKdbInquiryReferences,XmartKdbInquiryReference,3,rfq_req_id,1,xmartKdbSourceEvent,N,N,N,N,getMapValue,String,rfq_req_id
attribute,FXmifidRFQ,XmartKdbInquiryReferences,XmartKdbInquiryReference,4,quote_request_id,1,xmartKdbSourceEvent,N,N,N,N,getMapValue,String,quote_request_id
business_rule,FXmifidRFQ,XmartKdbInquiryReferences,XmartKdbInquiryReference,5,alternateReferencesRule,1,xmartKdbSourceEvent,N,N,N,N,extractFxRfqInquiryAltRefs,XmartKdbInquiryAltRefs,
collection,FXmifidRFQ,XmartKdbInquiryReferences,XmartKdbInquiryReference,6,alternateReferences,5,alternateReferencesRule,N,,,,getInquiryAltRefs,Collection,
attribute,FXmifidRFQ,XmartKdbInquiryReferences,XmartKdbInquiryReference,7,alternateReferenceType,6,alternateReferences,N,Y,Y,N,getAlternateReferenceType,String,
attribute,FXmifidRFQ,XmartKdbInquiryReferences,XmartKdbInquiryReference,8,alternateReferenceId,6,alternateReferences,N,Y,Y,N,getAlternateReferenceId,String,
root,FXmifidTrade,XmartKdbInquiryHeaders,XmartKdbInquiryHeader,1,xmartKdbSourceEvent,,,Y,,,,,,
attribute,FXmifidTrade,XmartKdbInquiryHeaders,XmartKdbInquiryHeader,2,documentKey,1,xmartKdbSourceEvent,Y,Y,Y,Y,getDocumentKey,long,
attribute,FXmifidTrade,XmartKdbInquiryHeaders,XmartKdbInquiryHeader,3,counterpartyId,1,xmartKdbSourceEvent,N,Y,Y,N,getMapValue,String,client_reference
attribute,FXmifidTrade,XmartKdbInquiryHeaders,XmartKdbInquiryHeader,4,deliveryDate,1,xmartKdbSourceEvent,N,Y,Y,N,getMapValue,Date,value_date
attribute,FXmifidTrade,XmartKdbInquiryHeaders,XmartKdbInquiryHeader,5,product,1,xmartKdbSourceEvent,N,Y,Y,N,getMapValue,String,deal_type
attribute,FXmifidTrade,XmartKdbInquiryHeaders,XmartKdbInquiryHeader,6,quoteDate,1,xmartKdbSourceEvent,N,Y,Y,N,getMapValue,Date,date
attribute,FXmifidTrade,XmartKdbInquiryHeaders,XmartKdbInquiryHeader,7,rawState,1,xmartKdbSourceEvent,N,Y,Y,N,getMapValue,Boolean,is_fail
attribute,FXmifidTrade,XmartKdbInquiryHeaders,XmartKdbInquiryHeader,8,requestMethod,1,xmartKdbSourceEvent,N,Y,Y,N,getMapValue,String,originating_system
attribute,FXmifidTrade,XmartKdbInquiryHeaders,XmartKdbInquiryHeader,9,settlementReference,1,xmartKdbSourceEvent,N,Y,Y,N,getMapValue,String,booking_key
attribute,FXmifidTrade,XmartKdbInquiryHeaders,XmartKdbInquiryHeader,10,sourceReference,1,xmartKdbSourceEvent,N,Y,Y,N,getMapValue,Long,fx_trade_pk
attribute,FXmifidTrade,XmartKdbInquiryHeaders,XmartKdbInquiryHeader,11,sourceSystemCode,1,xmartKdbSourceEvent,N,Y,Y,N,setFixedValue,String,FX HFT
attribute,FXmifidTrade,XmartKdbInquiryHeaders,XmartKdbInquiryHeader,12,trueOriginSystem,1,xmartKdbSourceEvent,N,Y,Y,N,getMapValue,String,company_name
attribute,FXmifidTrade,XmartKdbInquiryHeaders,XmartKdbInquiryHeader,13,userCode,1,xmartKdbSourceEvent,N,Y,Y,N,getMapValue,String,user_name
attribute,FXmifidTrade,XmartKdbInquiryHeaders,XmartKdbInquiryHeader,14,rawTime,1,xmartKdbSourceEvent,N,N,N,N,getMapValue,Time,time
attribute,FXmifidTrade,XmartKdbInquiryHeaders,XmartKdbInquiryHeader,15,rawDate,1,xmartKdbSourceEvent,N,N,N,N,getMapValue,Date,date
business_rule,FXmifidTrade,XmartKdbInquiryHeaders,XmartKdbInquiryHeader,16,quoteTime,1,xmartKdbSourceEvent,N,Y,Y,N,extractKdbDateTime,LocalDateTime,
attribute,FXmifidTrade,XmartKdbInquiryHeaders,XmartKdbInquiryHeader,17,inquiryType,1,xmartKdbSourceEvent,N,Y,Y,N,getMapValue,String,price_request_type
attribute,FXmifidTrade,XmartKdbInquiryHeaders,XmartKdbInquiryHeader,18,nucleusId,1,xmartKdbSourceEvent,N,Y,Y,N,getMapValue,String,NUC_PARTYID
attribute,FXmifidTrade,XmartKdbInquiryHeaders,XmartKdbInquiryHeader,19,nucleusCounterpartyName,1,xmartKdbSourceEvent,N,Y,Y,N,getMapValue,String,NUC_PARTY_NAME
root,FXmifidTrade,XmartKdbInquiryLegs,XmartKdbInquiryLeg,1,xmartKdbSourceEvent,,,Y,,,,,,
attribute,FXmifidTrade,XmartKdbInquiryLegs,XmartKdbInquiryLeg,2,documentKey,1,xmartKdbSourceEvent,Y,N,Y,Y,getDocumentKey,long,
attribute,FXmifidTrade,XmartKdbInquiryLegs,XmartKdbInquiryLeg,3,currencyPair,1,xmartKdbSourceEvent,N,Y,Y,N,getMapValue,String,sym
attribute,FXmifidTrade,XmartKdbInquiryLegs,XmartKdbInquiryLeg,4,deliveryType,1,xmartKdbSourceEvent,N,Y,Y,N,getMapValue,Boolean,ndf
attribute,FXmifidTrade,XmartKdbInquiryLegs,XmartKdbInquiryLeg,5,volume,1,xmartKdbSourceEvent,N,N,N,N,getMapValue,Double,volume
attribute,FXmifidTrade,XmartKdbInquiryLegs,XmartKdbInquiryLeg,6,volume_in_terms_currency,1,xmartKdbSourceEvent,N,N,N,N,getMapValue,Double,volume_in_terms_currency
attribute,FXmifidTrade,XmartKdbInquiryLegs,XmartKdbInquiryLeg,7,price,1,xmartKdbSourceEvent,N,Y,Y,N,getMapValue,Double,confirmed_client_outright
attribute,FXmifidTrade,XmartKdbInquiryLegs,XmartKdbInquiryLeg,8,rawTime,1,xmartKdbSourceEvent,N,N,N,N,getMapValue,Time,time
attribute,FXmifidTrade,XmartKdbInquiryLegs,XmartKdbInquiryLeg,9,rawDate,1,xmartKdbSourceEvent,N,N,N,N,getMapValue,Date,date
business_rule,FXmifidTrade,XmartKdbInquiryLegs,XmartKdbInquiryLeg,10,quoteTime,1,xmartKdbSourceEvent,N,Y,Y,N,extractKdbDateTime,LocalDateTime,
attribute,FXmifidTrade,XmartKdbInquiryLegs,XmartKdbInquiryLeg,11,quoteDate,1,xmartKdbSourceEvent,N,Y,Y,N,getMapValue,Date,date
business_rule,FXmifidTrade,XmartKdbInquiryLegs,XmartKdbInquiryLeg,12,legs_rule,1,xmartKdbSourceEvent,N,N,N,N,extractFxHftInquiryLegs,XmartKdbInquiryLegs,
collection,FXmifidTrade,XmartKdbInquiryLegs,XmartKdbInquiryLeg,13,legs,12,legs_rule,N,,,,getInquiryLegs,Collection,
attribute,FXmifidTrade,XmartKdbInquiryLegs,XmartKdbInquiryLeg,14,legIndex,13,legs,N,Y,Y,N,getLegIndex,String,
attribute,FXmifidTrade,XmartKdbInquiryLegs,XmartKdbInquiryLeg,15,notional,13,legs,N,Y,Y,N,getNotional,Double,
attribute,FXmifidTrade,XmartKdbInquiryLegs,XmartKdbInquiryLeg,16,notionalCcy,13,legs,N,Y,Y,N,getNotionalCcy,String,
root,FXmifidTrade,XmartKdbInquiryStates,XmartKdbInquiryState,1,xmartKdbSourceEvent,,,Y,,,,,,
attribute,FXmifidTrade,XmartKdbInquiryStates,XmartKdbInquiryState,2,documentKey,1,xmartKdbSourceEvent,Y,N,Y,Y,getDocumentKey,long,
attribute,FXmifidTrade,XmartKdbInquiryStates,XmartKdbInquiryState,3,rawTime,1,xmartKdbSourceEvent,N,N,N,N,getMapValue,Time,time
attribute,FXmifidTrade,XmartKdbInquiryStates,XmartKdbInquiryState,4,rawDate,1,xmartKdbSourceEvent,N,N,N,N,getMapValue,Date,date
business_rule,FXmifidTrade,XmartKdbInquiryStates,XmartKdbInquiryState,5,quoteTime,1,xmartKdbSourceEvent,N,Y,Y,N,extractKdbDateTime,LocalDateTime,
attribute,FXmifidTrade,XmartKdbInquiryStates,XmartKdbInquiryState,6,sample_id,1,xmartKdbSourceEvent,N,N,N,N,getMapValue,short[],sample_id
attribute,FXmifidTrade,XmartKdbInquiryStates,XmartKdbInquiryState,7,src_sent_ts,1,xmartKdbSourceEvent,N,N,N,N,getMapValue,Timestamp[],src_sent_ts
attribute,FXmifidTrade,XmartKdbInquiryStates,XmartKdbInquiryState,8,quoteDate,1,xmartKdbSourceEvent,N,Y,Y,N,getMapValue,Date,date
business_rule,FXmifidTrade,XmartKdbInquiryStates,XmartKdbInquiryState,9,states_rule,1,xmartKdbSourceEvent,N,N,N,N,extractFxHftInquiryStates,XmartKdbInquiryStates,
collection,FXmifidTrade,XmartKdbInquiryStates,XmartKdbInquiryState,10,states,9,states_rule,N,,,,getInquiryStates,Collection,
attribute,FXmifidTrade,XmartKdbInquiryStates,XmartKdbInquiryState,11,rawState,10,states,N,Y,Y,N,getStateCode,String,
attribute,FXmifidTrade,XmartKdbInquiryStates,XmartKdbInquiryState,12,stateEnteredTimestamp,10,states,N,Y,Y,N,getStateDateTime,LocalDateTime,
root,FXmifidOMS,XmartKdbInquiryHeaders,XmartKdbInquiryHeader,1,xmartKdbSourceEvent,,,Y,,,,,,
attribute,FXmifidOMS,XmartKdbInquiryHeaders,XmartKdbInquiryHeader,2,documentKey,1,xmartKdbSourceEvent,Y,Y,Y,Y,getDocumentKey,long,
attribute,FXmifidOMS,XmartKdbInquiryHeaders,XmartKdbInquiryHeader,3,buySell,1,xmartKdbSourceEvent,N,Y,Y,N,getMapValue,String,bank_side
attribute,FXmifidOMS,XmartKdbInquiryHeaders,XmartKdbInquiryHeader,4,counterpartyId,1,xmartKdbSourceEvent,N,Y,Y,N,getMapValue,String,gfx_account
attribute,FXmifidOMS,XmartKdbInquiryHeaders,XmartKdbInquiryHeader,5,deliveryDate,1,xmartKdbSourceEvent,N,Y,Y,N,getMapValue,Date,settl_date
attribute,FXmifidOMS,XmartKdbInquiryHeaders,XmartKdbInquiryHeader,6,product,1,xmartKdbSourceEvent,N,Y,Y,N,getMapValue,String,ord_type
attribute,FXmifidOMS,XmartKdbInquiryHeaders,XmartKdbInquiryHeader,7,quoteDate,1,xmartKdbSourceEvent,N,Y,Y,N,getMapValue,Date,date
attribute,FXmifidOMS,XmartKdbInquiryHeaders,XmartKdbInquiryHeader,8,requestMethod,1,xmartKdbSourceEvent,N,Y,Y,N,getMapValue,String,sender_id
attribute,FXmifidOMS,XmartKdbInquiryHeaders,XmartKdbInquiryHeader,9,sourceReference,1,xmartKdbSourceEvent,N,Y,Y,N,getMapValue,String,client_order_id
attribute,FXmifidOMS,XmartKdbInquiryHeaders,XmartKdbInquiryHeader,10,sourceSystemCode,1,xmartKdbSourceEvent,N,Y,Y,N,setFixedValue,String,FX OMS
attribute,FXmifidOMS,XmartKdbInquiryHeaders,XmartKdbInquiryHeader,11,trueOriginSystem,1,xmartKdbSourceEvent,N,Y,Y,N,getMapValue,String,venue
attribute,FXmifidOMS,XmartKdbInquiryHeaders,XmartKdbInquiryHeader,12,userCode,1,xmartKdbSourceEvent,N,Y,Y,N,getMapValue,String,user_code
attribute,FXmifidOMS,XmartKdbInquiryHeaders,XmartKdbInquiryHeader,16,traderCode,1,xmartKdbSourceEvent,N,Y,Y,N,getMapValue,String,trade_executor
attribute,FXmifidOMS,XmartKdbInquiryHeaders,XmartKdbInquiryHeader,13,rawTime,1,xmartKdbSourceEvent,N,N,N,N,getMapValue,Time,time
attribute,FXmifidOMS,XmartKdbInquiryHeaders,XmartKdbInquiryHeader,14,rawDate,1,xmartKdbSourceEvent,N,N,N,N,getMapValue,Date,date
attribute,FXmifidOMS,XmartKdbInquiryHeaders,XmartKdbInquiryHeader,15,isBaseTraded,1,xmartKdbSourceEvent,N,Y,Y,N,getMapValue,Boolean,trading_terms
business_rule,FXmifidOMS,XmartKdbInquiryHeaders,XmartKdbInquiryHeader,16,quoteTime,1,xmartKdbSourceEvent,N,Y,Y,N,extractKdbDateTime,LocalDateTime,
attribute,FXmifidOMS,XmartKdbInquiryHeaders,XmartKdbInquiryHeader,17,nucleusId,1,xmartKdbSourceEvent,N,Y,Y,N,getMapValue,String,NUC_PARTYID
attribute,FXmifidOMS,XmartKdbInquiryHeaders,XmartKdbInquiryHeader,18,nucleusCounterpartyName,1,xmartKdbSourceEvent,N,Y,Y,N,getMapValue,String,NUC_PARTY_NAME
root,FXmifidOMS,XmartKdbInquiryLegs,XmartKdbInquiryLeg,1,xmartKdbSourceEvent,,,N,Y,Y,N,,,
attribute,FXmifidOMS,XmartKdbInquiryLegs,XmartKdbInquiryLeg,2,documentKey,1,xmartKdbSourceEvent,Y,N,Y,Y,getDocumentKey,long,
attribute,FXmifidOMS,XmartKdbInquiryLegs,XmartKdbInquiryLeg,3,currencyPair,1,xmartKdbSourceEvent,N,Y,Y,N,getMapValue,String,sym
attribute,FXmifidOMS,XmartKdbInquiryLegs,XmartKdbInquiryLeg,4,expiryDate,1,xmartKdbSourceEvent,N,Y,Y,N,getMapValue,Date,maturity_date
attribute,FXmifidOMS,XmartKdbInquiryLegs,XmartKdbInquiryLeg,5,notional,1,xmartKdbSourceEvent,N,Y,Y,N,getMapValue,Double,order_qty
attribute,FXmifidOMS,XmartKdbInquiryLegs,XmartKdbInquiryLeg,6,notionalCcy,1,xmartKdbSourceEvent,N,Y,Y,N,getMapValue,String,dealt_currency
attribute,FXmifidOMS,XmartKdbInquiryLegs,XmartKdbInquiryLeg,7,quoteDate,1,xmartKdbSourceEvent,N,Y,Y,N,getMapValue,Date,date
attribute,FXmifidOMS,XmartKdbInquiryLegs,XmartKdbInquiryLeg,8,rawTime,1,xmartKdbSourceEvent,N,N,N,N,getMapValue,Time,time
attribute,FXmifidOMS,XmartKdbInquiryLegs,XmartKdbInquiryLeg,9,rawDate,1,xmartKdbSourceEvent,N,N,N,N,getMapValue,Date,date
business_rule,FXmifidOMS,XmartKdbInquiryLegs,XmartKdbInquiryLeg,10,quoteTime,1,xmartKdbSourceEvent,N,Y,Y,N,extractKdbDateTime,LocalDateTime,
root,FXmifidOMS,XmartKdbInquiryStates,XmartKdbInquiryState,1,xmartKdbSourceEvent,,,N,Y,Y,N,,,
attribute,FXmifidOMS,XmartKdbInquiryStates,XmartKdbInquiryState,2,documentKey,1,xmartKdbSourceEvent,Y,N,Y,Y,getDocumentKey,long,
attribute,FXmifidOMS,XmartKdbInquiryStates,XmartKdbInquiryState,3,rawTime,1,xmartKdbSourceEvent,N,N,N,N,getMapValue,Time,time
attribute,FXmifidOMS,XmartKdbInquiryStates,XmartKdbInquiryState,4,rawDate,1,xmartKdbSourceEvent,N,N,N,N,getMapValue,Date,date
business_rule,FXmifidOMS,XmartKdbInquiryStates,XmartKdbInquiryState,5,quoteTime,1,xmartKdbSourceEvent,N,Y,Y,N,extractKdbDateTime,LocalDateTime,
attribute,FXmifidOMS,XmartKdbInquiryStates,XmartKdbInquiryState,6,exec_type,1,xmartKdbSourceEvent,N,N,N,N,getMapValue,String[],exec_type
attribute,FXmifidOMS,XmartKdbInquiryStates,XmartKdbInquiryState,7,quoteDate,1,xmartKdbSourceEvent,N,Y,Y,N,getMapValue,Date,date
attribute,FXmifidOMS,XmartKdbInquiryStates,XmartKdbInquiryState,8,ord_status,1,xmartKdbSourceEvent,N,N,N,N,getMapValue,String[],ord_status
attribute,FXmifidOMS,XmartKdbInquiryStates,XmartKdbInquiryState,9,exec_id,1,xmartKdbSourceEvent,N,N,N,N,getMapValue,Object[],exec_id
attribute,FXmifidOMS,XmartKdbInquiryStates,XmartKdbInquiryState,10,avg_fill_price,1,xmartKdbSourceEvent,N,N,N,N,getMapValue,double[],avg_fill_price
business_rule,FXmifidOMS,XmartKdbInquiryStates,XmartKdbInquiryState,11,states_rule,1,xmartKdbSourceEvent,N,N,N,N,extractFxOmsInquiryStates,XmartKdbInquiryStates,
collection,FXmifidOMS,XmartKdbInquiryStates,XmartKdbInquiryState,12,states,11,states_rule,N,,,,getInquiryStates,Collection,
attribute,FXmifidOMS,XmartKdbInquiryStates,XmartKdbInquiryState,13,rawState,12,states,N,Y,Y,N,getStateCode,String,
attribute,FXmifidOMS,XmartKdbInquiryStates,XmartKdbInquiryState,14,stateEnteredTimestamp,12,states,N,Y,Y,N,getStateDateTime,LocalDateTime,
attribute,FXmifidOMS,XmartKdbInquiryStates,XmartKdbInquiryState,15,rawStateType,12,states,N,Y,Y,N,getStateType,String,
attribute,FXmifidOMS,XmartKdbInquiryStates,XmartKdbInquiryState,16,stateExecutionReference,12,states,N,Y,Y,N,getStateExecutionReference,String,
attribute,FXmifidOMS,XmartKdbInquiryStates,XmartKdbInquiryState,17,statePrice,12,states,N,Y,Y,N,getStatePrice,Double,
root,FXmifidOMS,XmartKdbInquiryReferences,XmartKdbInquiryReference,1,xmartKdbSourceEvent,,,N,Y,Y,N,,,
attribute,FXmifidOMS,XmartKdbInquiryReferences,XmartKdbInquiryReference,2,documentKey,1,xmartKdbSourceEvent,Y,N,Y,Y,getDocumentKey,long,
attribute,FXmifidOMS,XmartKdbInquiryReferences,XmartKdbInquiryReference,3,order_id,1,xmartKdbSourceEvent,N,N,N,N,getMapValue,String,order_id
attribute,FXmifidOMS,XmartKdbInquiryReferences,XmartKdbInquiryReference,4,parent_order_id,1,xmartKdbSourceEvent,N,N,N,N,getMapValue,String,parent_order_id
attribute,FXmifidOMS,XmartKdbInquiryReferences,XmartKdbInquiryReference,5,ord_link_id,1,xmartKdbSourceEvent,N,N,N,N,getMapValue,String,ord_link_id
attribute,FXmifidOMS,XmartKdbInquiryReferences,XmartKdbInquiryReference,6,parent_ord_link_id,1,xmartKdbSourceEvent,N,N,N,N,getMapValue,String,parent_ord_link_id
business_rule,FXmifidOMS,XmartKdbInquiryReferences,XmartKdbInquiryReference,7,alternateReferencesRule,1,xmartKdbSourceEvent,N,N,N,N,extractFxOmsInquiryAltRefs,XmartKdbInquiryAltRefs,
collection,FXmifidOMS,XmartKdbInquiryReferences,XmartKdbInquiryReference,8,alternateReferences,7,alternateReferencesRule,N,,,,getInquiryAltRefs,Collection,
attribute,FXmifidOMS,XmartKdbInquiryReferences,XmartKdbInquiryReference,9,alternateReferenceType,8,alternateReferences,N,Y,Y,N,getAlternateReferenceType,String,
attribute,FXmifidOMS,XmartKdbInquiryReferences,XmartKdbInquiryReference,10,alternateReferenceId,8,alternateReferences,N,Y,Y,N,getAlternateReferenceId,String,
