Element Type,SourceObject,Element Collection,Element Group,Element Id,Element Name,Parent Element Id,Parent Element Name,Mandatory Element,Trigger Attribute,Output Attribute,Key Attribute,Method Name,Method Return Type,Parameter1,,
root,FImifidRFQ,XmartKdbInquiryHeaders,XmartKdbInquiryHeader,1,xmartKdbSourceEvent,,,Y,,,,,,,,
attribute,FImifidRFQ,XmartKdbInquiryHeaders,XmartKdbInquiryHeader,2,documentKey,1,xmartKdbSourceEvent,Y,Y,Y,Y,getDocumentKey,long,,,numberOfLegs
attribute,FImifidRFQ,XmartKdbInquiryHeaders,XmartKdbInquiryHeader,3,counterpartyId,1,xmartKdbSourceEvent,N,Y,Y,N,getMapValue,String,counterParty,,counterparty
attribute,FImifidRFQ,XmartKdbInquiryHeaders,XmartKdbInquiryHeader,4,executionWithInFirm,1,xmartKdbSourceEvent,N,Y,Y,N,getMapValue,Boolean,counterpartyInternal,,counterpartyInternal
attribute,FImifidRFQ,XmartKdbInquiryHeaders,XmartKdbInquiryHeader,5,product,1,xmartKdbSourceEvent,N,Y,Y,N,getMapValue,String,priceDetailType,,priceDetailType
attribute,FImifidRFQ,XmartKdbInquiryHeaders,XmartKdbInquiryHeader,6,quoteDate,1,xmartKdbSourceEvent,N,Y,Y,N,getMapValue,Date,date,,
attribute,FImifidRFQ,XmartKdbInquiryHeaders,XmartKdbInquiryHeader,7,rawState,1,xmartKdbSourceEvent,N,Y,Y,N,getMapValue,String,reconciliationText,,reconciliationText
attribute,FImifidRFQ,XmartKdbInquiryHeaders,XmartKdbInquiryHeader,8,requestMethod,1,xmartKdbSourceEvent,N,Y,Y,N,getMapValue,String,source,,source
attribute,FImifidRFQ,XmartKdbInquiryHeaders,XmartKdbInquiryHeader,9,sourceReference,1,xmartKdbSourceEvent,N,Y,Y,N,getMapValue,String,conversationid,,conversationId
attribute,FImifidRFQ,XmartKdbInquiryHeaders,XmartKdbInquiryHeader,10,sourceSystemCode,1,xmartKdbSourceEvent,N,Y,Y,N,setFixedValue,String,FI AQ,,
attribute,FImifidRFQ,XmartKdbInquiryHeaders,XmartKdbInquiryHeader,11,trueOriginSystem,1,xmartKdbSourceEvent,N,Y,Y,N,getMapValue,String,brokerRef,,brokerRef
attribute,FImifidRFQ,XmartKdbInquiryHeaders,XmartKdbInquiryHeader,12,userCode,1,xmartKdbSourceEvent,N,Y,Y,N,getMapValue,String,counterpartyTrader,,counterpartyTrader
attribute,FImifidRFQ,XmartKdbInquiryHeaders,XmartKdbInquiryHeader,13,inquiryType,1,xmartKdbSourceEvent,N,Y,Y,N,getMapValue,String,order_or_inquiry,,order_or_inquiry
attribute,FImifidRFQ,XmartKdbInquiryHeaders,XmartKdbInquiryHeader,14,traderCode,1,xmartKdbSourceEvent,N,Y,Y,N,getMapValue,String,traderRef,,traderRef
attribute,FImifidRFQ,XmartKdbInquiryHeaders,XmartKdbInquiryHeader,15,salesPersonRef,1,xmartKdbSourceEvent,N,Y,Y,N,getMapValue,String,salespersonRef,,salespersonRef
attribute,FImifidRFQ,XmartKdbInquiryHeaders,XmartKdbInquiryHeader,16,nucleusId,1,xmartKdbSourceEvent,N,N,N,N,getMapValue,String,nucleusId,,nucleusId
attribute,FImifidRFQ,XmartKdbInquiryHeaders,XmartKdbInquiryHeader,17,rbsEntityCode,1,xmartKdbSourceEvent,N,Y,Y,N,getMapValue,String,counterpartyFacingEntity,,counterpartyFacingEntity
attribute,FImifidRFQ,XmartKdbInquiryHeaders,XmartKdbInquiryHeader,18,clearingCode,1,xmartKdbSourceEvent,N,Y,Y,N,getMapValue,String,clearingCode,,clearingCode
attribute,FImifidRFQ,XmartKdbInquiryHeaders,XmartKdbInquiryHeader,19,region,1,xmartKdbSourceEvent,N,Y,Y,N,getMapValue,String,region,,clearingCode
attribute,FImifidRFQ,XmartKdbInquiryHeaders,XmartKdbInquiryHeader,20,stateCode,1,xmartKdbSourceEvent,N,Y,Y,N,getMapValue,String,executionType,,clearingCode
attribute,FImifidRFQ,XmartKdbInquiryHeaders,XmartKdbInquiryHeader,21,rawTime,1,xmartKdbSourceEvent,N,N,N,N,getMapValue,Time,time,,region
attribute,FImifidRFQ,XmartKdbInquiryHeaders,XmartKdbInquiryHeader,22,rawDate,1,xmartKdbSourceEvent,N,N,N,N,getMapValue,Date,date,,noOfCompetitors
business_rule,FImifidRFQ,XmartKdbInquiryHeaders,XmartKdbInquiryHeader,23,quoteTime,1,xmartKdbSourceEvent,N,Y,Y,N,extractKdbDateTime,LocalDateTime,,,executionType
attribute,FImifidRFQ,XmartKdbInquiryHeaders,XmartKdbInquiryHeader,24,salesPersonCode,1,xmartKdbSourceEvent,N,Y,Y,N,getMapValue,String,salespersonCode,,
attribute,FImifidRFQ,XmartKdbInquiryHeaders,XmartKdbInquiryHeader,25,nucleusId,1,xmartKdbSourceEvent,N,Y,Y,N,getMapValue,String,nucleusId,,
attribute,FImifidRFQ,XmartKdbInquiryHeaders,XmartKdbInquiryHeader,26,nucleusCounterpartyName,1,xmartKdbSourceEvent,N,Y,Y,N,getMapValue,String,counterPartyFirmName,,
root,FImifidRFQ,XmartKdbInquiryLegs,XmartKdbInquiryLeg,1,xmartKdbSourceEvent,,,Y,,,,,,,,salespersonCode
attribute,FImifidRFQ,XmartKdbInquiryLegs,XmartKdbInquiryLeg,2,documentKey,1,xmartKdbSourceEvent,Y,Y,Y,Y,getDocumentKey,long,,,coverPrice
attribute,FImifidRFQ,XmartKdbInquiryLegs,XmartKdbInquiryLeg,3,quoteDate,1,xmartKdbSourceEvent,N,Y,Y,N,getMapValue,Date,date,,dealCategory
attribute,FImifidRFQ,XmartKdbInquiryLegs,XmartKdbInquiryLeg,4,rawTime,1,xmartKdbSourceEvent,N,N,N,N,getMapValue,Time,time,,
attribute,FImifidRFQ,XmartKdbInquiryLegs,XmartKdbInquiryLeg,5,rawDate,1,xmartKdbSourceEvent,N,N,N,N,getMapValue,Date,date,,
business_rule,FImifidRFQ,XmartKdbInquiryLegs,XmartKdbInquiryLeg,6,quoteTime,1,xmartKdbSourceEvent,N,Y,Y,N,extractKdbDateTime,LocalDateTime,,,
attribute,FImifidRFQ,XmartKdbInquiryLegs,XmartKdbInquiryLeg,7,raw_isin,1,xmartKdbSourceEvent,N,N,N,N,getMapValue,String[],ISIN,,
attribute,FImifidRFQ,XmartKdbInquiryLegs,XmartKdbInquiryLeg,8,raw_leg,1,xmartKdbSourceEvent,N,N,N,N,getMapValue,int[],leg,,
attribute,FImifidRFQ,XmartKdbInquiryLegs,XmartKdbInquiryLeg,9,raw_qty,1,xmartKdbSourceEvent,N,N,N,N,getMapValue,double[],qty,,
attribute,FImifidRFQ,XmartKdbInquiryLegs,XmartKdbInquiryLeg,10,raw_currency,1,xmartKdbSourceEvent,N,N,N,N,getMapValue,String[],currency,,
attribute,FImifidRFQ,XmartKdbInquiryLegs,XmartKdbInquiryLeg,11,raw_lastSentQuote,1,xmartKdbSourceEvent,N,N,N,N,getMapValue,double[],lastSentQuote,,
attribute,FImifidRFQ,XmartKdbInquiryLegs,XmartKdbInquiryLeg,12,raw_bestBidPrice,1,xmartKdbSourceEvent,N,N,N,N,getMapValue,double[],bestBidPrice,,
attribute,FImifidRFQ,XmartKdbInquiryLegs,XmartKdbInquiryLeg,13,raw_bestAskPrice,1,xmartKdbSourceEvent,N,N,N,N,getMapValue,double[],bestAskPrice,,
attribute,FImifidRFQ,XmartKdbInquiryLegs,XmartKdbInquiryLeg,14,raw_coverPrice,1,xmartKdbSourceEvent,N,N,N,N,getMapValue,double[],coverPrice,,
attribute,FImifidRFQ,XmartKdbInquiryLegs,XmartKdbInquiryLeg,15,raw_buySell,1,xmartKdbSourceEvent,N,N,N,N,getMapValue,String[],buySell,,
attribute,FImifidRFQ,XmartKdbInquiryLegs,XmartKdbInquiryLeg,16,raw_executedYield,1,xmartKdbSourceEvent,N,N,N,N,getMapValue,double[],executedYield,,
attribute,FImifidRFQ,XmartKdbInquiryLegs,XmartKdbInquiryLeg,17,raw_reportingWaiverType,1,xmartKdbSourceEvent,N,N,N,N,getMapValue,Object[],L1_mifidReportingWaiverType,,
business_rule,FImifidRFQ,XmartKdbInquiryLegs,XmartKdbInquiryLeg,18,legs_rule,1,xmartKdbSourceEvent,N,N,N,N,extractFiRfqInquiryLegs,XmartKdbInquiryLegs,,,
collection,FImifidRFQ,XmartKdbInquiryLegs,XmartKdbInquiryLeg,19,legs,18,legs_rule,N,,,,getInquiryLegs,Collection,,,
attribute,FImifidRFQ,XmartKdbInquiryLegs,XmartKdbInquiryLeg,20,isin,19,legs,N,Y,Y,N,getIsin,String,,,
attribute,FImifidRFQ,XmartKdbInquiryLegs,XmartKdbInquiryLeg,21,legIndex,19,legs,N,Y,Y,N,getLegIndex,String,,,
attribute,FImifidRFQ,XmartKdbInquiryLegs,XmartKdbInquiryLeg,22,notional,19,legs,N,Y,Y,N,getNotional,Double,,,
attribute,FImifidRFQ,XmartKdbInquiryLegs,XmartKdbInquiryLeg,23,notionalCcy,19,legs,N,Y,Y,N,getNotionalCcy,String,,,
attribute,FImifidRFQ,XmartKdbInquiryLegs,XmartKdbInquiryLeg,24,price,19,legs,N,Y,Y,N,getPrice,Double,,,
attribute,FImifidRFQ,XmartKdbInquiryLegs,XmartKdbInquiryLeg,25,bestBidPrice,19,legs,N,Y,Y,N,getBestBidPrice,Double,,,
attribute,FImifidRFQ,XmartKdbInquiryLegs,XmartKdbInquiryLeg,26,bestAskPrice,19,legs,N,Y,Y,N,getBestAskPrice,Double,,,
attribute,FImifidRFQ,XmartKdbInquiryLegs,XmartKdbInquiryLeg,27,coverPrice,19,legs,N,Y,Y,N,getCoverPrice,Double,,,
attribute,FImifidRFQ,XmartKdbInquiryLegs,XmartKdbInquiryLeg,28,buySell,19,legs,N,Y,Y,N,getBuySell,String,,,
attribute,FImifidRFQ,XmartKdbInquiryLegs,XmartKdbInquiryLeg,29,yield,19,legs,N,Y,Y,N,getYield,Double,,,
attribute,FImifidRFQ,XmartKdbInquiryLegs,XmartKdbInquiryLeg,30,mifidReportingWaiverType,19,legs,N,N,Y,N,getReportingWaiverType,String,,,
root,FImifidRFQ,XmartKdbInquiryStates,XmartKdbInquiryState,1,xmartKdbSourceEvent,,,Y,,,,,,,,
attribute,FImifidRFQ,XmartKdbInquiryStates,XmartKdbInquiryState,2,documentKey,1,xmartKdbSourceEvent,Y,Y,Y,Y,getDocumentKey,long,,,
attribute,FImifidRFQ,XmartKdbInquiryStates,XmartKdbInquiryState,3,rawTime,1,xmartKdbSourceEvent,N,N,N,N,getMapValue,Time,time,,
attribute,FImifidRFQ,XmartKdbInquiryStates,XmartKdbInquiryState,4,rawDate,1,xmartKdbSourceEvent,N,N,N,N,getMapValue,Date,date,,
business_rule,FImifidRFQ,XmartKdbInquiryStates,XmartKdbInquiryState,5,quoteTime,1,xmartKdbSourceEvent,N,Y,Y,N,extractKdbDateTime,LocalDateTime,,,
attribute,FImifidRFQ,XmartKdbInquiryStates,XmartKdbInquiryState,6,quoteDate,1,xmartKdbSourceEvent,N,Y,Y,N,getMapValue,Date,date,,
attribute,FImifidRFQ,XmartKdbInquiryStates,XmartKdbInquiryState,7,quotetype,1,xmartKdbSourceEvent,N,N,N,N,getMapValue,Object[],quotetype,,
attribute,FImifidRFQ,XmartKdbInquiryStates,XmartKdbInquiryState,8,convEventTime,1,xmartKdbSourceEvent,N,N,N,N,getMapValue,Date[],convEventTime,,
attribute,FImifidRFQ,XmartKdbInquiryStates,XmartKdbInquiryState,9,ecnEventTime,1,xmartKdbSourceEvent,N,N,N,N,getMapValue,Date[],ecnEventTime,,
attribute,FImifidRFQ,XmartKdbInquiryStates,XmartKdbInquiryState,10,executionTime,1,xmartKdbSourceEvent,N,N,N,N,getMapValue,Date[],executionTime,,
attribute,FImifidRFQ,XmartKdbInquiryStates,XmartKdbInquiryState,11,uniqueConvId,1,xmartKdbSourceEvent,N,N,N,N,getMapValue,Object[],uniqueConvId,,
business_rule,FImifidRFQ,XmartKdbInquiryStates,XmartKdbInquiryState,12,states_rule,1,xmartKdbSourceEvent,N,N,N,N,extractFiRfqInquiryStates,XmartKdbInquiryStates,,,
collection,FImifidRFQ,XmartKdbInquiryStates,XmartKdbInquiryState,13,states,12,states_rule,N,,,,getInquiryStates,Collection,,,
attribute,FImifidRFQ,XmartKdbInquiryStates,XmartKdbInquiryState,14,rawState,13,states,N,Y,Y,N,getStateCode,String,,,
attribute,FImifidRFQ,XmartKdbInquiryStates,XmartKdbInquiryState,15,stateEnteredTimestamp,13,states,N,Y,Y,N,getStateDateTime,LocalDateTime,,,
attribute,FImifidRFQ,XmartKdbInquiryStates,XmartKdbInquiryState,16,stateConversationReference,13,states,N,Y,Y,N,getStateConversationReference,String,,,
attribute,FImifidRFQ,XmartKdbInquiryStates,XmartKdbInquiryState,17,lastAcceptedAppDateLocal,13,states,N,N,Y,N,getLastAcceptedAppDateLocal,LocalDateTime,,,
root,FImifidQEC,XmartKdbInquiryHeaders,XmartKdbInquiryHeader,1,xmartKdbSourceEvent,,,Y,,,,,,,,
attribute,FImifidQEC,XmartKdbInquiryHeaders,XmartKdbInquiryHeader,2,documentKey,1,xmartKdbSourceEvent,Y,N,Y,Y,getDocumentKey,long,,,
attribute,FImifidQEC,XmartKdbInquiryHeaders,XmartKdbInquiryHeader,3,product,1,xmartKdbSourceEvent,N,Y,Y,N,getMapValue,String,asset_type,,
attribute,FImifidQEC,XmartKdbInquiryHeaders,XmartKdbInquiryHeader,4,rawState,1,xmartKdbSourceEvent,N,Y,Y,N,getMapValue,String,quote_status,,
attribute,FImifidQEC,XmartKdbInquiryHeaders,XmartKdbInquiryHeader,5,reasonDesc,1,xmartKdbSourceEvent,N,Y,Y,N,getMapValue,String,info,,
attribute,FImifidQEC,XmartKdbInquiryHeaders,XmartKdbInquiryHeader,6,requestMethod,1,xmartKdbSourceEvent,N,Y,Y,N,getMapValue,String,enquiry_channel,,
attribute,FImifidQEC,XmartKdbInquiryHeaders,XmartKdbInquiryHeader,7,sourceReference,1,xmartKdbSourceEvent,N,Y,Y,N,getMapValue,String,id,,
attribute,FImifidQEC,XmartKdbInquiryHeaders,XmartKdbInquiryHeader,8,sourceSystemCode,1,xmartKdbSourceEvent,N,Y,Y,N,setFixedValue,String,FI QEC,,
attribute,FImifidQEC,XmartKdbInquiryHeaders,XmartKdbInquiryHeader,9,stateCode,1,xmartKdbSourceEvent,N,Y,Y,N,getMapValue,String,quote_status,,
attribute,FImifidQEC,XmartKdbInquiryHeaders,XmartKdbInquiryHeader,10,created_ts_modified,1,xmartKdbSourceEvent,N,N,N,N,getMapValue,Timestamp,created_ts_modified,,
attribute,FImifidQEC,XmartKdbInquiryHeaders,XmartKdbInquiryHeader,11,created_ts_original,1,xmartKdbSourceEvent,N,N,N,N,getMapValue,Timestamp,created_ts_original,,
business_rule,FImifidQEC,XmartKdbInquiryHeaders,XmartKdbInquiryHeader,12,quoteTime,1,xmartKdbSourceEvent,N,Y,Y,N,extractKdbQecQuoteTime,LocalDateTime,,,
business_rule,FImifidQEC,XmartKdbInquiryHeaders,XmartKdbInquiryHeader,13,quoteDate,1,xmartKdbSourceEvent,N,Y,Y,N,extractKdbQecQuoteDate,LocalDate,,,
attribute,FImifidQEC,XmartKdbInquiryHeaders,XmartKdbInquiryHeader,14,inquiryType,1,xmartKdbSourceEvent,N,Y,Y,N,getMapValue,String,enquiry_type,,
attribute,FImifidQEC,XmartKdbInquiryHeaders,XmartKdbInquiryHeader,15,nucleusId,1,xmartKdbSourceEvent,N,Y,Y,N,getMapValue,Integer,counterparty_nucleus_id,,
attribute,FImifidQEC,XmartKdbInquiryHeaders,XmartKdbInquiryHeader,16,micCode,1,xmartKdbSourceEvent,N,Y,Y,N,getMapValue,String,venue_mic,,
attribute,FImifidQEC,XmartKdbInquiryHeaders,XmartKdbInquiryHeader,17,traderCode,1,xmartKdbSourceEvent,N,Y,Y,N,getMapValue,String,trader,,
attribute,FImifidQEC,XmartKdbInquiryHeaders,XmartKdbInquiryHeader,18,salesPersonCode,1,xmartKdbSourceEvent,N,Y,Y,N,getMapValue,String,owner,,
attribute,FImifidQEC,XmartKdbInquiryHeaders,XmartKdbInquiryHeader,19,rbsEntityCode,1,xmartKdbSourceEvent,N,Y,Y,N,getMapValue,String,executing_party,,
attribute,FImifidQEC,XmartKdbInquiryHeaders,XmartKdbInquiryHeader,20,quotePriceType,1,xmartKdbSourceEvent,N,Y,Y,N,getMapValue,String,price_notation,,
attribute,FImifidQEC,XmartKdbInquiryHeaders,XmartKdbInquiryHeader,21,counterpartyId,1,xmartKdbSourceEvent,N,Y,Y,N,getMapValue,String,counterparty_name,,
attribute,FImifidQEC,XmartKdbInquiryHeaders,XmartKdbInquiryHeader,22,isDeleted,1,xmartKdbSourceEvent,N,Y,Y,N,getMapValue,String,is_deleted,,
root,FImifidQEC,XmartKdbInquiryLegs,XmartKdbInquiryLeg,1,xmartKdbSourceEvent,,,Y,,,,,,,,
attribute,FImifidQEC,XmartKdbInquiryLegs,XmartKdbInquiryLeg,2,documentKey,1,xmartKdbSourceEvent,Y,N,Y,Y,getDocumentKey,long,,,
attribute,FImifidQEC,XmartKdbInquiryLegs,XmartKdbInquiryLeg,3,cfi_code,1,xmartKdbSourceEvent,N,N,N,N,getMapValue,String[],cfi_code,,
attribute,FImifidQEC,XmartKdbInquiryLegs,XmartKdbInquiryLeg,4,delivery_type,1,xmartKdbSourceEvent,N,N,N,N,getMapValue,String[],delivery_type,,
attribute,FImifidQEC,XmartKdbInquiryLegs,XmartKdbInquiryLeg,5,maturity_ts,1,xmartKdbSourceEvent,N,N,N,N,getMapValue,Timestamp[],maturity_ts,,
attribute,FImifidQEC,XmartKdbInquiryLegs,XmartKdbInquiryLeg,6,instrument_identification_code,1,xmartKdbSourceEvent,N,N,N,N,getMapValue,String[],instrument_identification_code,,
attribute,FImifidQEC,XmartKdbInquiryLegs,XmartKdbInquiryLeg,7,component_id,1,xmartKdbSourceEvent,N,N,N,N,getMapValue,Object[],component_id,,
attribute,FImifidQEC,XmartKdbInquiryLegs,XmartKdbInquiryLeg,8,initial_quantity,1,xmartKdbSourceEvent,N,N,N,N,getMapValue,double[],initial_quantity,,
attribute,FImifidQEC,XmartKdbInquiryLegs,XmartKdbInquiryLeg,9,currency,1,xmartKdbSourceEvent,N,N,N,N,getMapValue,String[],currency,,
attribute,FImifidQEC,XmartKdbInquiryLegs,XmartKdbInquiryLeg,10,raw_price,1,xmartKdbSourceEvent,N,N,N,N,getMapValue,double[],price,,
attribute,FImifidQEC,XmartKdbInquiryLegs,XmartKdbInquiryLeg,11,strike_price_of_option,1,xmartKdbSourceEvent,N,N,N,N,getMapValue,double[],strike_price_of_option,,
attribute,FImifidQEC,XmartKdbInquiryLegs,XmartKdbInquiryLeg,12,option_type,1,xmartKdbSourceEvent,N,N,N,N,getMapValue,String[],option_type,,
attribute,FImifidQEC,XmartKdbInquiryLegs,XmartKdbInquiryLeg,13,direction_of_trade,1,xmartKdbSourceEvent,N,N,N,N,getMapValue,String[],direction_of_trade,,
attribute,FImifidQEC,XmartKdbInquiryLegs,XmartKdbInquiryLeg,14,leg_products,1,xmartKdbSourceEvent,N,N,N,N,getMapValue,String[],leg_asset_type,,
attribute,FImifidQEC,XmartKdbInquiryLegs,XmartKdbInquiryLeg,15,created_ts_modified,1,xmartKdbSourceEvent,N,N,N,N,getMapValue,Timestamp,created_ts_modified,,
attribute,FImifidQEC,XmartKdbInquiryLegs,XmartKdbInquiryLeg,16,created_ts_original,1,xmartKdbSourceEvent,N,N,N,N,getMapValue,Timestamp,created_ts_original,,
business_rule,FImifidQEC,XmartKdbInquiryLegs,XmartKdbInquiryLeg,17,quoteTime,1,xmartKdbSourceEvent,N,Y,Y,N,extractKdbQecQuoteTime,LocalDateTime,,,
business_rule,FImifidQEC,XmartKdbInquiryLegs,XmartKdbInquiryLeg,18,quoteDate,1,xmartKdbSourceEvent,N,Y,Y,N,extractKdbQecQuoteDate,LocalDate,,,
business_rule,FImifidQEC,XmartKdbInquiryLegs,XmartKdbInquiryLeg,19,fiQecLegsRule,1,xmartKdbSourceEvent,N,N,N,N,extractFiQecInquiryLegs,XmartKdbInquiryLegs,,,
collection,FImifidQEC,XmartKdbInquiryLegs,XmartKdbInquiryLeg,20,fiQecLegs,19,fiQecLegsRule,N,,,,getInquiryLegs,Collection,,,
attribute,FImifidQEC,XmartKdbInquiryLegs,XmartKdbInquiryLeg,21,cfiCode,20,fiQecLegs,N,Y,Y,N,getCfiCode,String,,,
attribute,FImifidQEC,XmartKdbInquiryLegs,XmartKdbInquiryLeg,22,deliveryType,20,fiQecLegs,N,Y,Y,N,getDeliveryType,String,,,
attribute,FImifidQEC,XmartKdbInquiryLegs,XmartKdbInquiryLeg,23,expiryDate,20,fiQecLegs,N,Y,Y,N,getExpiryDate,LocalDateTime,,,
attribute,FImifidQEC,XmartKdbInquiryLegs,XmartKdbInquiryLeg,24,isin,20,fiQecLegs,N,Y,Y,N,getIsin,String,,,
attribute,FImifidQEC,XmartKdbInquiryLegs,XmartKdbInquiryLeg,25,legIndex,20,fiQecLegs,N,Y,Y,N,getLegIndex,String,,,
attribute,FImifidQEC,XmartKdbInquiryLegs,XmartKdbInquiryLeg,26,notional,20,fiQecLegs,N,Y,Y,N,getNotional,Double,,,
attribute,FImifidQEC,XmartKdbInquiryLegs,XmartKdbInquiryLeg,27,notionalCcy,20,fiQecLegs,N,Y,Y,N,getNotionalCcy,String,,,
attribute,FImifidQEC,XmartKdbInquiryLegs,XmartKdbInquiryLeg,28,price,20,fiQecLegs,N,Y,Y,N,getPrice,Double,,,
attribute,FImifidQEC,XmartKdbInquiryLegs,XmartKdbInquiryLeg,29,strike,20,fiQecLegs,N,Y,Y,N,getStrike,Double,,,
attribute,FImifidQEC,XmartKdbInquiryLegs,XmartKdbInquiryLeg,30,optionType,20,fiQecLegs,N,Y,Y,N,getOptionType,String,,,
attribute,FImifidQEC,XmartKdbInquiryLegs,XmartKdbInquiryLeg,31,buySell,20,fiQecLegs,N,Y,Y,N,getBuySell,String,,,
attribute,FImifidQEC,XmartKdbInquiryLegs,XmartKdbInquiryLeg,32,product,20,fiQecLegs,N,Y,Y,N,getProduct,String,,,
root,FImifidQEC,XmartKdbInquiryStates,XmartKdbInquiryState,1,xmartKdbSourceEvent,,,Y,,,,,,,,
attribute,FImifidQEC,XmartKdbInquiryStates,XmartKdbInquiryState,2,documentKey,1,xmartKdbSourceEvent,Y,Y,Y,Y,getDocumentKey,long,,,
attribute,FImifidQEC,XmartKdbInquiryStates,XmartKdbInquiryState,3,created_ts_modified,1,xmartKdbSourceEvent,N,N,N,N,getMapValue,Timestamp,created_ts_modified,,
attribute,FImifidQEC,XmartKdbInquiryStates,XmartKdbInquiryState,4,quoted_ts_modified,1,xmartKdbSourceEvent,N,N,N,N,getMapValue,Timestamp,quoted_ts_modified,,
attribute,FImifidQEC,XmartKdbInquiryStates,XmartKdbInquiryState,5,finished_ts_modified,1,xmartKdbSourceEvent,N,N,N,N,getMapValue,Timestamp,finished_ts_modified,,
attribute,FImifidQEC,XmartKdbInquiryStates,XmartKdbInquiryState,6,executed_ts_modified,1,xmartKdbSourceEvent,N,N,N,N,getMapValue,Timestamp,executed_ts_modified,,
attribute,FImifidQEC,XmartKdbInquiryStates,XmartKdbInquiryState,7,created_ts_original,1,xmartKdbSourceEvent,N,N,N,N,getMapValue,Timestamp,created_ts_original,,
attribute,FImifidQEC,XmartKdbInquiryStates,XmartKdbInquiryState,8,quoted_ts_original,1,xmartKdbSourceEvent,N,N,N,N,getMapValue,Timestamp,quoted_ts_original,,
attribute,FImifidQEC,XmartKdbInquiryStates,XmartKdbInquiryState,9,finished_ts_original,1,xmartKdbSourceEvent,N,N,N,N,getMapValue,Timestamp,finished_ts_original,,
attribute,FImifidQEC,XmartKdbInquiryStates,XmartKdbInquiryState,10,executed_ts_original,1,xmartKdbSourceEvent,N,N,N,N,getMapValue,Timestamp,executed_ts_original,,
attribute,FImifidQEC,XmartKdbInquiryStates,XmartKdbInquiryState,11,rawTime,1,xmartKdbSourceEvent,N,N,N,N,getMapValue,Time,time,,
attribute,FImifidQEC,XmartKdbInquiryStates,XmartKdbInquiryState,12,rawDate,1,xmartKdbSourceEvent,N,N,N,N,getMapValue,Date,date,,
business_rule,FImifidQEC,XmartKdbInquiryStates,XmartKdbInquiryState,13,quoteTime,1,xmartKdbSourceEvent,N,Y,Y,N,extractKdbQecQuoteTime,LocalDateTime,,,
business_rule,FImifidQEC,XmartKdbInquiryStates,XmartKdbInquiryState,14,quoteDate,1,xmartKdbSourceEvent,N,Y,Y,N,extractKdbQecQuoteDate,LocalDate,,,
business_rule,FImifidQEC,XmartKdbInquiryStates,XmartKdbInquiryState,15,states_rule,1,xmartKdbSourceEvent,N,N,N,N,extractFiQecInquiryStates,XmartKdbInquiryStates,,,
collection,FImifidQEC,XmartKdbInquiryStates,XmartKdbInquiryState,16,states,15,states_rule,N,,,,getInquiryStates,Collection,,,
attribute,FImifidQEC,XmartKdbInquiryStates,XmartKdbInquiryState,17,rawState,16,states,N,Y,Y,N,getStateCode,String,,,
attribute,FImifidQEC,XmartKdbInquiryStates,XmartKdbInquiryState,18,stateEnteredTimestamp,16,states,N,Y,Y,N,getStateDateTime,LocalDateTime,,,
root,FICCgetRawData_si_pre_trade,XmartFactInquiryPreTradeTransparencyStatuses,XmartFactInquiryPreTradeTransparencyStatus,1,xmartKdbSourceEvent,,,Y,,,,,,,,
attribute,FICCgetRawData_si_pre_trade,XmartFactInquiryPreTradeTransparencyStatuses,XmartFactInquiryPreTradeTransparencyStatus,2,documentKey,1,xmartKdbSourceEvent,Y,Y,Y,Y,getDocumentKey,long,,,
attribute,FICCgetRawData_si_pre_trade,XmartFactInquiryPreTradeTransparencyStatuses,XmartFactInquiryPreTradeTransparencyStatus,3,date,1,xmartKdbSourceEvent,N,Y,Y,N,getMapValue,Date,date,,
attribute,FICCgetRawData_si_pre_trade,XmartFactInquiryPreTradeTransparencyStatuses,XmartFactInquiryPreTradeTransparencyStatus,4,isin,1,xmartKdbSourceEvent,N,Y,Y,N,getMapValue,String,sym,,
attribute,FICCgetRawData_si_pre_trade,XmartFactInquiryPreTradeTransparencyStatuses,XmartFactInquiryPreTradeTransparencyStatus,5,time,1,xmartKdbSourceEvent,N,Y,Y,N,getMapValue,Time,time,,
attribute,FICCgetRawData_si_pre_trade,XmartFactInquiryPreTradeTransparencyStatuses,XmartFactInquiryPreTradeTransparencyStatus,6,salesPersonId,1,xmartKdbSourceEvent,N,Y,Y,N,getMapValue,String,sales_racf,,
attribute,FICCgetRawData_si_pre_trade,XmartFactInquiryPreTradeTransparencyStatuses,XmartFactInquiryPreTradeTransparencyStatus,7,transactTimestamp,1,xmartKdbSourceEvent,N,Y,Y,N,getMapValue,Timestamp,transact_ts,,
attribute,FICCgetRawData_si_pre_trade,XmartFactInquiryPreTradeTransparencyStatuses,XmartFactInquiryPreTradeTransparencyStatus,8,validSecs,1,xmartKdbSourceEvent,N,Y,Y,N,getMapValue,Long,valid_secs,,
attribute,FICCgetRawData_si_pre_trade,XmartFactInquiryPreTradeTransparencyStatuses,XmartFactInquiryPreTradeTransparencyStatus,9,packageId,1,xmartKdbSourceEvent,N,Y,Y,N,getMapValue,String,package_id,,
attribute,FICCgetRawData_si_pre_trade,XmartFactInquiryPreTradeTransparencyStatuses,XmartFactInquiryPreTradeTransparencyStatus,10,sourceReference,1,xmartKdbSourceEvent,N,Y,Y,N,getMapValue,String,component_id,,
attribute,FICCgetRawData_si_pre_trade,XmartFactInquiryPreTradeTransparencyStatuses,XmartFactInquiryPreTradeTransparencyStatus,11,buySell,1,xmartKdbSourceEvent,N,Y,Y,N,getMapValue,String,side,,
attribute,FICCgetRawData_si_pre_trade,XmartFactInquiryPreTradeTransparencyStatuses,XmartFactInquiryPreTradeTransparencyStatus,12,notional,1,xmartKdbSourceEvent,N,Y,Y,N,getMapValue,Double,quantity,,
attribute,FICCgetRawData_si_pre_trade,XmartFactInquiryPreTradeTransparencyStatuses,XmartFactInquiryPreTradeTransparencyStatus,13,asset,1,xmartKdbSourceEvent,N,Y,Y,N,getMapValue,String,asset_class,,
attribute,FICCgetRawData_si_pre_trade,XmartFactInquiryPreTradeTransparencyStatuses,XmartFactInquiryPreTradeTransparencyStatus,14,assetSubclass,1,xmartKdbSourceEvent,N,Y,Y,N,getMapValue,String,asset_subclass,,
attribute,FICCgetRawData_si_pre_trade,XmartFactInquiryPreTradeTransparencyStatuses,XmartFactInquiryPreTradeTransparencyStatus,15,price,1,xmartKdbSourceEvent,N,Y,Y,N,getMapValue,Double,price,,
attribute,FICCgetRawData_si_pre_trade,XmartFactInquiryPreTradeTransparencyStatuses,XmartFactInquiryPreTradeTransparencyStatus,16,priceType,1,xmartKdbSourceEvent,N,Y,Y,N,getMapValue,String,price_type,,
attribute,FICCgetRawData_si_pre_trade,XmartFactInquiryPreTradeTransparencyStatuses,XmartFactInquiryPreTradeTransparencyStatus,17,status,1,xmartKdbSourceEvent,N,Y,Y,N,getMapValue,String,status,,
attribute,FICCgetRawData_si_pre_trade,XmartFactInquiryPreTradeTransparencyStatuses,XmartFactInquiryPreTradeTransparencyStatus,18,statusReason,1,xmartKdbSourceEvent,N,Y,Y,N,getMapValue,String,status_reason,,
attribute,FICCgetRawData_si_pre_trade,XmartFactInquiryPreTradeTransparencyStatuses,XmartFactInquiryPreTradeTransparencyStatus,19,statusText,1,xmartKdbSourceEvent,N,Y,Y,N,getMapValue,String,status_text,,
attribute,FICCgetRawData_si_pre_trade,XmartFactInquiryPreTradeTransparencyStatuses,XmartFactInquiryPreTradeTransparencyStatus,20,databaseCreatedTimestamp,1,xmartKdbSourceEvent,N,Y,Y,N,getMapValue,Timestamp,db_recv_ts,,
root,FICCgetRawData_d2d_order,XmartKdbInquiryHeaders,XmartKdbInquiryHeader,1,xmartKdbSourceEvent,,,Y,,,,,,,,
attribute,FICCgetRawData_d2d_order,XmartKdbInquiryHeaders,XmartKdbInquiryHeader,2,documentKey,1,xmartKdbSourceEvent,Y,N,Y,Y,getDocumentKey,long,,,
attribute,FICCgetRawData_d2d_order,XmartKdbInquiryHeaders,XmartKdbInquiryHeader,3,salesPersonCode,1,xmartKdbSourceEvent,N,Y,Y,N,getMapValue,String,trader,,
attribute,FICCgetRawData_d2d_order,XmartKdbInquiryHeaders,XmartKdbInquiryHeader,4,buySell,1,xmartKdbSourceEvent,N,Y,Y,N,getMapValue,String,side,,
attribute,FICCgetRawData_d2d_order,XmartKdbInquiryHeaders,XmartKdbInquiryHeader,5,decisionMakerInFirm,1,xmartKdbSourceEvent,N,Y,Y,N,getMapValue,String,investment_decision_maker,,
attribute,FICCgetRawData_d2d_order,XmartKdbInquiryHeaders,XmartKdbInquiryHeader,6,deliveryDate,1,xmartKdbSourceEvent,N,Y,Y,N,getMapValue,String,settlement_date,,
attribute,FICCgetRawData_d2d_order,XmartKdbInquiryHeaders,XmartKdbInquiryHeader,7,executionWithInFirm,1,xmartKdbSourceEvent,N,Y,Y,N,getMapValue,String,execution_within_firm,,
attribute,FICCgetRawData_d2d_order,XmartKdbInquiryHeaders,XmartKdbInquiryHeader,8,notional,1,xmartKdbSourceEvent,N,Y,Y,N,getMapValue,Double,size,,
attribute,FICCgetRawData_d2d_order,XmartKdbInquiryHeaders,XmartKdbInquiryHeader,9,notionalCcy,1,xmartKdbSourceEvent,N,Y,Y,N,setFixedValue,String,EUR,,
attribute,FICCgetRawData_d2d_order,XmartKdbInquiryHeaders,XmartKdbInquiryHeader,10,product,1,xmartKdbSourceEvent,N,Y,Y,N,setFixedValue,String,Bond,,
attribute,FICCgetRawData_d2d_order,XmartKdbInquiryHeaders,XmartKdbInquiryHeader,11,quoteDate,1,xmartKdbSourceEvent,N,Y,Y,N,getMapValue,Date,date,,
attribute,FICCgetRawData_d2d_order,XmartKdbInquiryHeaders,XmartKdbInquiryHeader,12,rawDate,1,xmartKdbSourceEvent,N,N,N,N,getMapValue,Date,date,,
attribute,FICCgetRawData_d2d_order,XmartKdbInquiryHeaders,XmartKdbInquiryHeader,13,rawTimestamp,1,xmartKdbSourceEvent,N,N,N,N,getMapValue,Timestamp,execution_ts,,
business_rule,FICCgetRawData_d2d_order,XmartKdbInquiryHeaders,XmartKdbInquiryHeader,14,quoteTime,1,xmartKdbSourceEvent,N,Y,Y,N,extractKdbDateTimeFromTimeStamp,LocalDateTime,,,
attribute,FICCgetRawData_d2d_order,XmartKdbInquiryHeaders,XmartKdbInquiryHeader,15,requestMethod,1,xmartKdbSourceEvent,N,Y,Y,N,getMapValue,String,source,,
attribute,FICCgetRawData_d2d_order,XmartKdbInquiryHeaders,XmartKdbInquiryHeader,16,sourceSystemCode,1,xmartKdbSourceEvent,N,Y,Y,N,setFixedValue,String,FI D2D,,
attribute,FICCgetRawData_d2d_order,XmartKdbInquiryHeaders,XmartKdbInquiryHeader,17,trueOriginSystem,1,xmartKdbSourceEvent,N,Y,Y,N,getMapValue,String,market,,
attribute,FICCgetRawData_d2d_order,XmartKdbInquiryHeaders,XmartKdbInquiryHeader,18,clientOrderId,1,xmartKdbSourceEvent,N,N,N,N,getMapValue,String,client_order_id,,
business_rule,FICCgetRawData_d2d_order,XmartKdbInquiryHeaders,XmartKdbInquiryHeader,19,sourceReference,1,xmartKdbSourceEvent,N,Y,Y,N,extractKdbSourceReference,String,,,
root,FICCgetRawData_d2d_order,XmartKdbInquiryLegs,XmartKdbInquiryLeg,1,xmartKdbSourceEvent,,,Y,,,,,,,,
attribute,FICCgetRawData_d2d_order,XmartKdbInquiryLegs,XmartKdbInquiryLeg,2,documentKey,1,xmartKdbSourceEvent,Y,N,Y,Y,getDocumentKey,long,,,
attribute,FICCgetRawData_d2d_order,XmartKdbInquiryLegs,XmartKdbInquiryLeg,3,buySell,1,xmartKdbSourceEvent,N,Y,Y,N,getMapValue,String,side,,
attribute,FICCgetRawData_d2d_order,XmartKdbInquiryLegs,XmartKdbInquiryLeg,4,yield,1,xmartKdbSourceEvent,N,Y,Y,N,getMapValue,Double,yield,,
attribute,FICCgetRawData_d2d_order,XmartKdbInquiryLegs,XmartKdbInquiryLeg,5,deliveryType,1,xmartKdbSourceEvent,N,Y,Y,N,getMapValue,String,product_type,,
attribute,FICCgetRawData_d2d_order,XmartKdbInquiryLegs,XmartKdbInquiryLeg,6,isin,1,xmartKdbSourceEvent,N,Y,Y,N,getMapValue,String,sym,,
attribute,FICCgetRawData_d2d_order,XmartKdbInquiryLegs,XmartKdbInquiryLeg,7,notional,1,xmartKdbSourceEvent,N,Y,Y,N,getMapValue,Double,size,,
attribute,FICCgetRawData_d2d_order,XmartKdbInquiryLegs,XmartKdbInquiryLeg,8,notionalCcy,1,xmartKdbSourceEvent,N,Y,Y,N,setFixedValue,String,EUR,,
attribute,FICCgetRawData_d2d_order,XmartKdbInquiryLegs,XmartKdbInquiryLeg,9,price,1,xmartKdbSourceEvent,N,Y,Y,N,getMapValue,Double,price,,
attribute,FICCgetRawData_d2d_order,XmartKdbInquiryLegs,XmartKdbInquiryLeg,10,quoteDate,1,xmartKdbSourceEvent,N,Y,Y,N,getMapValue,Date,date,,
attribute,FICCgetRawData_d2d_order,XmartKdbInquiryLegs,XmartKdbInquiryLeg,11,rawDate,1,xmartKdbSourceEvent,N,N,N,N,getMapValue,Date,date,,
attribute,FICCgetRawData_d2d_order,XmartKdbInquiryLegs,XmartKdbInquiryLeg,12,rawTimestamp,1,xmartKdbSourceEvent,N,N,N,N,getMapValue,Timestamp,execution_ts,,
business_rule,FICCgetRawData_d2d_order,XmartKdbInquiryLegs,XmartKdbInquiryLeg,13,quoteTime,1,xmartKdbSourceEvent,N,Y,Y,N,extractKdbDateTimeFromTimeStamp,LocalDateTime,,,
attribute,FICCgetRawData_d2d_order,XmartKdbInquiryLegs,XmartKdbInquiryLeg,14,sourceSystemCode,1,xmartKdbSourceEvent,N,Y,Y,N,setFixedValue,String,FI D2D,,
attribute,FICCgetRawData_d2d_order,XmartKdbInquiryLegs,XmartKdbInquiryLeg,15,product,1,xmartKdbSourceEvent,N,Y,Y,N,setFixedValue,String,Bond,,
attribute,FICCgetRawData_d2d_order,XmartKdbInquiryLegs,XmartKdbInquiryLeg,16,clientOrderId,1,xmartKdbSourceEvent,N,N,N,N,getMapValue,String,client_order_id,,
business_rule,FICCgetRawData_d2d_order,XmartKdbInquiryLegs,XmartKdbInquiryLeg,17,sourceReference,1,xmartKdbSourceEvent,N,Y,Y,N,extractKdbSourceReference,String,,,
