Element Type,SourceObject,Element Collection,Element Group,Element Id,Element Name,Parent Element Id,Parent Element Name,Mandatory Element,Trigger Attribute,Output Attribute,Key Attribute,Method Name,Method Return Type
root,mdxRefRegInstrument,XmartMdxInstruments,XmartMdxInstrument,1,xmartMdxDocumentEvent,,,Y,,,,,
attribute,mdxRefRegInstrument,XmartMdxInstruments,XmartMdxInstrument,2,documentKey,1,xmartMdxDocumentEvent,Y,N,Y,Y,getDocumentKey,long
object,mdxRefRegInstrument,XmartMdxInstruments,XmartMdxInstrument,3,mdxStreamEvent,1,xmartMdxDocumentEvent,Y,,,,getStreamEvent,MdxDocumentEvent
object,mdxRefRegInstrument,XmartMdxInstruments,XmartMdxInstrument,4,refRegInstrument,3,mdxStreamEvent,Y,,,,getRefRegInstrument,RefRegInstrument
attribute,mdxRefRegInstrument,XmartMdxInstruments,XmartMdxInstrument,5,mdxTransport,4,refRegInstrument,Y,Y,Y,N,getMdxTransport,String
attribute,mdxRefRegInstrument,XmartMdxInstruments,XmartMdxInstrument,6,mdxTypeName,4,refRegInstrument,Y,Y,Y,N,getMdxTypeName,String
attribute,mdxRefRegInstrument,XmartMdxInstruments,XmartMdxInstrument,7,mdxPath,4,refRegInstrument,Y,Y,Y,N,getMdxPath,String
attribute,mdxRefRegInstrument,XmartMdxInstruments,XmartMdxInstrument,8,mdxDocumentVersion,4,refRegInstrument,Y,Y,Y,N,getMdxDocumentVersion,Integer
attribute,mdxRefRegInstrument,XmartMdxInstruments,XmartMdxInstrument,9,mdxValuationDate,4,refRegInstrument,N,Y,Y,N,getMdxValuationDate,String
attribute,mdxRefRegInstrument,XmartMdxInstruments,XmartMdxInstrument,10,mdxWrittenOnUTC,4,refRegInstrument,Y,Y,Y,N,getMdxWrittenOnUTC,Date
object,mdxRefRegInstrument,XmartMdxInstruments,XmartMdxInstrument,11,refRegInstrumentHeaderFields,4,refRegInstrument,Y,,,,getRefRegInstrumentHeaderFields,RefRegInstrumentHeaderFields
attribute,mdxRefRegInstrument,XmartMdxInstruments,XmartMdxInstrument,12,assetClass,11,refRegInstrumentHeaderFields,Y,Y,Y,N,getAssetClass,String
attribute,mdxRefRegInstrument,XmartMdxInstruments,XmartMdxInstrument,13,instrumentType,11,refRegInstrumentHeaderFields,N,Y,Y,N,getInstrumentType,String
attribute,mdxRefRegInstrument,XmartMdxInstruments,XmartMdxInstrument,14,useCase,11,refRegInstrumentHeaderFields,N,Y,Y,N,getUseCase,String
attribute,mdxRefRegInstrument,XmartMdxInstruments,XmartMdxInstrument,15,level,11,refRegInstrumentHeaderFields,N,Y,Y,N,getLevel,String
object,mdxRefRegInstrument,XmartMdxInstruments,XmartMdxInstrument,16,refRegInstrumentAttributesFields,4,refRegInstrument,Y,,,,getRefRegInstrumentAttributesFields,RefRegInstrumentAttributesFields
object,mdxRefRegInstrument,XmartMdxInstruments,XmartMdxInstrument,17,refRegInstrumentGenericFields,16,refRegInstrumentAttributesFields,Y,,,,getRefRegInstrumentGenericFields,RefRegInstrumentGenericFields
attribute,mdxRefRegInstrument,XmartMdxInstruments,XmartMdxInstrument,18,notionalCurrency,17,refRegInstrumentGenericFields,N,Y,Y,N,getNotionalCurrency,String
attribute,mdxRefRegInstrument,XmartMdxInstruments,XmartMdxInstrument,19,expiryDate,17,refRegInstrumentGenericFields,N,Y,Y,N,getExpiryDate,String
attribute,mdxRefRegInstrument,XmartMdxInstruments,XmartMdxInstrument,20,referenceRate,17,refRegInstrumentGenericFields,N,Y,Y,N,getReferenceRate,String
attribute,mdxRefRegInstrument,XmartMdxInstruments,XmartMdxInstrument,21,referenceRateTermValue,17,refRegInstrumentGenericFields,N,Y,Y,N,getReferenceRateTermValue,BigDecimal
attribute,mdxRefRegInstrument,XmartMdxInstruments,XmartMdxInstrument,22,referenceRateTermUnit,17,refRegInstrumentGenericFields,N,Y,Y,N,getReferenceRateTermUnit,String
attribute,mdxRefRegInstrument,XmartMdxInstruments,XmartMdxInstrument,23,notionalSchedule,17,refRegInstrumentGenericFields,N,Y,Y,N,getNotionalSchedule,String
attribute,mdxRefRegInstrument,XmartMdxInstruments,XmartMdxInstrument,24,deliveryType,17,refRegInstrumentGenericFields,N,Y,Y,N,getDeliveryType,String
attribute,mdxRefRegInstrument,XmartMdxInstruments,XmartMdxInstrument,25,priceMultiplier,17,refRegInstrumentGenericFields,N,Y,Y,N,getPriceMultiplier,BigDecimal
attribute,mdxRefRegInstrument,XmartMdxInstruments,XmartMdxInstrument,26,optionType,17,refRegInstrumentGenericFields,N,Y,Y,N,getOptionType,String
attribute,mdxRefRegInstrument,XmartMdxInstruments,XmartMdxInstrument,27,otherNotionalCurrency,17,refRegInstrumentGenericFields,N,Y,Y,N,getOtherNotionalCurrency,String
attribute,mdxRefRegInstrument,XmartMdxInstruments,XmartMdxInstrument,28,optionExerciseStyle,17,refRegInstrumentGenericFields,N,Y,Y,N,getOptionExerciseStyle,String
attribute,mdxRefRegInstrument,XmartMdxInstruments,XmartMdxInstrument,29,valuationMethodorTrigger,17,refRegInstrumentGenericFields,N,Y,Y,N,getValuationMethodorTrigger,String
attribute,mdxRefRegInstrument,XmartMdxInstruments,XmartMdxInstrument,30,settlementCurrency,17,refRegInstrumentGenericFields,N,Y,Y,N,getSettlementCurrency,String
attribute,mdxRefRegInstrument,XmartMdxInstruments,XmartMdxInstrument,31,returnorPayoutTrigger,17,refRegInstrumentGenericFields,N,Y,Y,N,getReturnorPayoutTrigger,String
attribute,mdxRefRegInstrument,XmartMdxInstruments,XmartMdxInstrument,32,debtSeniority,17,refRegInstrumentGenericFields,N,Y,Y,N,getDebtSeniority,String
attribute,mdxRefRegInstrument,XmartMdxInstruments,XmartMdxInstrument,33,strikePrice,17,refRegInstrumentGenericFields,N,Y,Y,N,getStrikePrice,String
attribute,mdxRefRegInstrument,XmartMdxInstruments,XmartMdxInstrument,34,baseProduct,17,refRegInstrumentGenericFields,N,Y,Y,N,getBaseProduct,String
attribute,mdxRefRegInstrument,XmartMdxInstruments,XmartMdxInstrument,35,subProduct,17,refRegInstrumentGenericFields,N,Y,Y,N,getSubProduct,String
attribute,mdxRefRegInstrument,XmartMdxInstruments,XmartMdxInstrument,36,additionalSubProduct,17,refRegInstrumentGenericFields,N,Y,Y,N,getAdditionalSubProduct,String
attribute,mdxRefRegInstrument,XmartMdxInstruments,XmartMdxInstrument,37,transactionType,17,refRegInstrumentGenericFields,N,Y,Y,N,getTransactionType,String
attribute,mdxRefRegInstrument,XmartMdxInstruments,XmartMdxInstrument,38,finalPriceType,17,refRegInstrumentGenericFields,N,Y,Y,N,getFinalPriceType,String
attribute,mdxRefRegInstrument,XmartMdxInstruments,XmartMdxInstrument,39,otherBaseProduct,17,refRegInstrumentGenericFields,N,Y,Y,N,getOtherBaseProduct,String
attribute,mdxRefRegInstrument,XmartMdxInstruments,XmartMdxInstrument,40,otherSubProduct,17,refRegInstrumentGenericFields,N,Y,Y,N,getOtherSubProduct,String
attribute,mdxRefRegInstrument,XmartMdxInstruments,XmartMdxInstrument,41,otherAdditionalSubProduct,17,refRegInstrumentGenericFields,N,Y,Y,N,getOtherAdditionalSubProduct,String
attribute,mdxRefRegInstrument,XmartMdxInstruments,XmartMdxInstrument,42,otherReferenceRate,17,refRegInstrumentGenericFields,N,Y,Y,N,getOtherReferenceRate,String
attribute,mdxRefRegInstrument,XmartMdxInstruments,XmartMdxInstrument,43,instrumentISINNearLeg,17,refRegInstrumentGenericFields,N,Y,Y,N,getInstrumentISINNearLeg,String
attribute,mdxRefRegInstrument,XmartMdxInstruments,XmartMdxInstrument,44,instrumentISINFarLeg,17,refRegInstrumentGenericFields,N,Y,Y,N,getInstrumentISINFarLeg,String
attribute,mdxRefRegInstrument,XmartMdxInstruments,XmartMdxInstrument,45,placeofSettlement,17,refRegInstrumentGenericFields,N,Y,Y,N,getPlaceofSettlement,String
attribute,mdxRefRegInstrument,XmartMdxInstruments,XmartMdxInstrument,46,underlyingAssetType,17,refRegInstrumentGenericFields,N,Y,Y,N,getUnderlyingAssetType,String
object,mdxRefRegInstrument,XmartMdxInstruments,XmartMdxInstrument,47,refRegInstrumentIsinFields,4,refRegInstrument,Y,,,,getRefRegInstrumentIsinFields,RefRegInstrumentIsinFields
attribute,mdxRefRegInstrument,XmartMdxInstruments,XmartMdxInstrument,48,iSIN,47,refRegInstrumentIsinFields,Y,Y,Y,N,getiSIN,String
attribute,mdxRefRegInstrument,XmartMdxInstruments,XmartMdxInstrument,49,status,47,refRegInstrumentIsinFields,N,Y,Y,N,getStatus,String
attribute,mdxRefRegInstrument,XmartMdxInstruments,XmartMdxInstrument,50,statusReason,47,refRegInstrumentIsinFields,N,Y,Y,N,getStatusReason,String
attribute,mdxRefRegInstrument,XmartMdxInstruments,XmartMdxInstrument,51,lastUpdateDateTime,47,refRegInstrumentIsinFields,N,Y,Y,N,getLastUpdateDateTime,String
attribute,mdxRefRegInstrument,XmartMdxInstruments,XmartMdxInstrument,52,templateVersion,4,refRegInstrument,N,Y,Y,N,getTemplateVersion,Integer
object,mdxRefRegInstrument,XmartMdxInstruments,XmartMdxInstrument,53,refRegInstrumentDerivedFields,4,refRegInstrument,Y,,,,getRefRegInstrumentDerivedFields,RefRegInstrumentDerivedFields
attribute,mdxRefRegInstrument,XmartMdxInstruments,XmartMdxInstrument,54,derivedShortName,53,refRegInstrumentDerivedFields,N,Y,Y,N,getDerivedShortName,String
attribute,mdxRefRegInstrument,XmartMdxInstruments,XmartMdxInstrument,55,issuerorOperatoroftheTradingVenueIdentifier,53,refRegInstrumentDerivedFields,N,Y,Y,N,getIssuerorOperatoroftheTradingVenueIdentifier,String
attribute,mdxRefRegInstrument,XmartMdxInstruments,XmartMdxInstrument,56,commodityDerivativeIndicator,53,refRegInstrumentDerivedFields,N,Y,Y,N,getCommodityDerivativeIndicator,String
attribute,mdxRefRegInstrument,XmartMdxInstruments,XmartMdxInstrument,57,fXType,53,refRegInstrumentDerivedFields,N,Y,Y,N,getfXType,String
attribute,mdxRefRegInstrument,XmartMdxInstruments,XmartMdxInstrument,58,fullName,53,refRegInstrumentDerivedFields,N,Y,Y,N,getFullName,String
attribute,mdxRefRegInstrument,XmartMdxInstruments,XmartMdxInstrument,59,shortName,53,refRegInstrumentDerivedFields,N,Y,Y,N,getShortName,String
attribute,mdxRefRegInstrument,XmartMdxInstruments,XmartMdxInstrument,60,classificationType,53,refRegInstrumentDerivedFields,N,Y,Y,N,getClassificationType,String
attribute,mdxRefRegInstrument,XmartMdxInstruments,XmartMdxInstrument,61,iSOReferenceRate,53,refRegInstrumentDerivedFields,N,Y,Y,N,getiSOReferenceRate,String
attribute,mdxRefRegInstrument,XmartMdxInstruments,XmartMdxInstrument,62,singleorMultiCurrency,53,refRegInstrumentDerivedFields,N,Y,Y,N,getSingleorMultiCurrency,String
object,mdxRefRegInstrument,XmartMdxInstruments,XmartMdxInstrument,63,refRegInstrumentGenericFields,53,refRegInstrumentDerivedFields,Y,,,,getRefRegInstrumentGenericFields,RefRegInstrumentGenericFields
attribute,mdxRefRegInstrument,XmartMdxInstruments,XmartMdxInstrument,64,notionalCurrency,63,refRegInstrumentGenericFields,N,Y,Y,N,getNotionalCurrency,String
attribute,mdxRefRegInstrument,XmartMdxInstruments,XmartMdxInstrument,65,expiryDate,63,refRegInstrumentGenericFields,N,Y,Y,N,getExpiryDate,String
attribute,mdxRefRegInstrument,XmartMdxInstruments,XmartMdxInstrument,66,referenceRate,63,refRegInstrumentGenericFields,N,Y,Y,N,getReferenceRate,String
attribute,mdxRefRegInstrument,XmartMdxInstruments,XmartMdxInstrument,67,referenceRateTermValue,63,refRegInstrumentGenericFields,N,Y,Y,N,getReferenceRateTermValue,BigDecimal
attribute,mdxRefRegInstrument,XmartMdxInstruments,XmartMdxInstrument,68,referenceRateTermUnit,63,refRegInstrumentGenericFields,N,Y,Y,N,getReferenceRateTermUnit,String
attribute,mdxRefRegInstrument,XmartMdxInstruments,XmartMdxInstrument,69,notionalSchedule,63,refRegInstrumentGenericFields,N,Y,Y,N,getNotionalSchedule,String
attribute,mdxRefRegInstrument,XmartMdxInstruments,XmartMdxInstrument,70,deliveryType,63,refRegInstrumentGenericFields,N,Y,Y,N,getDeliveryType,String
attribute,mdxRefRegInstrument,XmartMdxInstruments,XmartMdxInstrument,71,priceMultiplier,63,refRegInstrumentGenericFields,N,Y,Y,N,getPriceMultiplier,BigDecimal
attribute,mdxRefRegInstrument,XmartMdxInstruments,XmartMdxInstrument,72,optionType,63,refRegInstrumentGenericFields,N,Y,Y,N,getOptionType,String
attribute,mdxRefRegInstrument,XmartMdxInstruments,XmartMdxInstrument,73,otherNotionalCurrency,63,refRegInstrumentGenericFields,N,Y,Y,N,getOtherNotionalCurrency,String
attribute,mdxRefRegInstrument,XmartMdxInstruments,XmartMdxInstrument,74,optionExerciseStyle,63,refRegInstrumentGenericFields,N,Y,Y,N,getOptionExerciseStyle,String
attribute,mdxRefRegInstrument,XmartMdxInstruments,XmartMdxInstrument,75,valuationMethodorTrigger,63,refRegInstrumentGenericFields,N,Y,Y,N,getValuationMethodorTrigger,String
attribute,mdxRefRegInstrument,XmartMdxInstruments,XmartMdxInstrument,76,settlementCurrency,63,refRegInstrumentGenericFields,N,Y,Y,N,getSettlementCurrency,String
attribute,mdxRefRegInstrument,XmartMdxInstruments,XmartMdxInstrument,77,returnorPayoutTrigger,63,refRegInstrumentGenericFields,N,Y,Y,N,getReturnorPayoutTrigger,String
attribute,mdxRefRegInstrument,XmartMdxInstruments,XmartMdxInstrument,78,debtSeniority,63,refRegInstrumentGenericFields,N,Y,Y,N,getDebtSeniority,String
attribute,mdxRefRegInstrument,XmartMdxInstruments,XmartMdxInstrument,79,strikePrice,63,refRegInstrumentGenericFields,N,Y,Y,N,getStrikePrice,String
attribute,mdxRefRegInstrument,XmartMdxInstruments,XmartMdxInstrument,80,baseProduct,63,refRegInstrumentGenericFields,N,Y,Y,N,getBaseProduct,String
attribute,mdxRefRegInstrument,XmartMdxInstruments,XmartMdxInstrument,81,subProduct,63,refRegInstrumentGenericFields,N,Y,Y,N,getSubProduct,String
attribute,mdxRefRegInstrument,XmartMdxInstruments,XmartMdxInstrument,82,additionalSubProduct,63,refRegInstrumentGenericFields,N,Y,Y,N,getAdditionalSubProduct,String
attribute,mdxRefRegInstrument,XmartMdxInstruments,XmartMdxInstrument,83,transactionType,63,refRegInstrumentGenericFields,N,Y,Y,N,getTransactionType,String
attribute,mdxRefRegInstrument,XmartMdxInstruments,XmartMdxInstrument,84,finalPriceType,63,refRegInstrumentGenericFields,N,Y,Y,N,getFinalPriceType,String
attribute,mdxRefRegInstrument,XmartMdxInstruments,XmartMdxInstrument,85,otherBaseProduct,63,refRegInstrumentGenericFields,N,Y,Y,N,getOtherBaseProduct,String
attribute,mdxRefRegInstrument,XmartMdxInstruments,XmartMdxInstrument,86,otherSubProduct,63,refRegInstrumentGenericFields,N,Y,Y,N,getOtherSubProduct,String
attribute,mdxRefRegInstrument,XmartMdxInstruments,XmartMdxInstrument,87,otherAdditionalSubProduct,63,refRegInstrumentGenericFields,N,Y,Y,N,getOtherAdditionalSubProduct,String
attribute,mdxRefRegInstrument,XmartMdxInstruments,XmartMdxInstrument,88,otherReferenceRate,63,refRegInstrumentGenericFields,N,Y,Y,N,getOtherReferenceRate,String
attribute,mdxRefRegInstrument,XmartMdxInstruments,XmartMdxInstrument,89,instrumentISINNearLeg,63,refRegInstrumentGenericFields,N,Y,Y,N,getInstrumentISINNearLeg,String
attribute,mdxRefRegInstrument,XmartMdxInstruments,XmartMdxInstrument,90,instrumentISINFarLeg,63,refRegInstrumentGenericFields,N,Y,Y,N,getInstrumentISINFarLeg,String
attribute,mdxRefRegInstrument,XmartMdxInstruments,XmartMdxInstrument,91,placeofSettlement,63,refRegInstrumentGenericFields,N,Y,Y,N,getPlaceofSettlement,String
attribute,mdxRefRegInstrument,XmartMdxInstruments,XmartMdxInstrument,92,underlyingAssetType,63,refRegInstrumentGenericFields,N,Y,Y,N,getUnderlyingAssetType,String
root,mdxRefRegInstrumentUnderlying,XmartMdxInstrumentUnderlyings,XmartMdxInstrumentUnderlying,1,xmartMdxDocumentEvent,,,Y,,,,,
attribute,mdxRefRegInstrumentUnderlying,XmartMdxInstrumentUnderlyings,XmartMdxInstrumentUnderlying,2,documentKey,1,xmartMdxDocumentEvent,Y,N,Y,Y,getDocumentKey,long
object,mdxRefRegInstrumentUnderlying,XmartMdxInstrumentUnderlyings,XmartMdxInstrumentUnderlying,3,mdxStreamEvent,1,xmartMdxDocumentEvent,Y,,,,getStreamEvent,MdxDocumentEvent
collection,mdxRefRegInstrumentUnderlying,XmartMdxInstrumentUnderlyings,XmartMdxInstrumentUnderlying,4,refRegInstrumentUnderlying,3,mdxStreamEvent,N,,,,getRefRegInstrumentUnderlyings,List
attribute,mdxRefRegInstrumentUnderlying,XmartMdxInstrumentUnderlyings,XmartMdxInstrumentUnderlying,5,mdxTransport,4,refRegInstrumentUnderlying,Y,Y,Y,N,getMdxTransport,String
attribute,mdxRefRegInstrumentUnderlying,XmartMdxInstrumentUnderlyings,XmartMdxInstrumentUnderlying,6,mdxTypeName,4,refRegInstrumentUnderlying,Y,Y,Y,N,getMdxTypeName,String
attribute,mdxRefRegInstrumentUnderlying,XmartMdxInstrumentUnderlyings,XmartMdxInstrumentUnderlying,7,mdxPath,4,refRegInstrumentUnderlying,Y,Y,Y,N,getMdxPath,String
attribute,mdxRefRegInstrumentUnderlying,XmartMdxInstrumentUnderlyings,XmartMdxInstrumentUnderlying,8,mdxDocumentVersion,4,refRegInstrumentUnderlying,Y,Y,Y,N,getMdxDocumentVersion,Integer
attribute,mdxRefRegInstrumentUnderlying,XmartMdxInstrumentUnderlyings,XmartMdxInstrumentUnderlying,9,mdxValuationDate,4,refRegInstrumentUnderlying,N,Y,Y,N,getMdxValuationDate,String
attribute,mdxRefRegInstrumentUnderlying,XmartMdxInstrumentUnderlyings,XmartMdxInstrumentUnderlying,10,mdxWrittenOnUTC,4,refRegInstrumentUnderlying,Y,Y,Y,N,getMdxWrittenOnUTC,Date
attribute,mdxRefRegInstrumentUnderlying,XmartMdxInstrumentUnderlyings,XmartMdxInstrumentUnderlying,11,type,4,refRegInstrumentUnderlying,N,Y,Y,N,getType,String
attribute,mdxRefRegInstrumentUnderlying,XmartMdxInstrumentUnderlyings,XmartMdxInstrumentUnderlying,12,underlyingInstrumentIndexProp,4,refRegInstrumentUnderlying,N,Y,Y,N,getUnderlyingInstrumentIndexProp,String
attribute,mdxRefRegInstrumentUnderlying,XmartMdxInstrumentUnderlyings,XmartMdxInstrumentUnderlying,13,underlyingInstrumentISIN,4,refRegInstrumentUnderlying,N,Y,Y,N,getUnderlyingInstrumentISIN,String
attribute,mdxRefRegInstrumentUnderlying,XmartMdxInstrumentUnderlyings,XmartMdxInstrumentUnderlying,14,underlyingInstrumentIndex,4,refRegInstrumentUnderlying,N,Y,Y,N,getUnderlyingInstrumentIndex,String
attribute,mdxRefRegInstrumentUnderlying,XmartMdxInstrumentUnderlyings,XmartMdxInstrumentUnderlying,15,underlyingInstrumentIndexTermUnit,4,refRegInstrumentUnderlying,N,Y,Y,N,getUnderlyingInstrumentIndexTermUnit,String
attribute,mdxRefRegInstrumentUnderlying,XmartMdxInstrumentUnderlyings,XmartMdxInstrumentUnderlying,16,underlyingInstrumentIndexTermValue,4,refRegInstrumentUnderlying,N,Y,Y,N,getUnderlyingInstrumentIndexTermValue,BigDecimal
attribute,mdxRefRegInstrumentUnderlying,XmartMdxInstrumentUnderlyings,XmartMdxInstrumentUnderlying,17,iSOUnderlyingInstrumentIndex,4,refRegInstrumentUnderlying,N,Y,Y,N,getiSOUnderlyingInstrumentIndex,String
attribute,mdxRefRegInstrumentUnderlying,XmartMdxInstrumentUnderlyings,XmartMdxInstrumentUnderlying,18,instrumentISIN,4,refRegInstrumentUnderlying,N,Y,Y,N,getInstrumentISIN,String
root,mdxTimePointEsma,XmartMdxTimeSeriesEsmas,XmartMdxTimeSeriesEsma,1,xmartMdxDocumentEvent,,,Y,,,,,
attribute,mdxTimePointEsma,XmartMdxTimeSeriesEsmas,XmartMdxTimeSeriesEsma,2,documentKey,1,xmartMdxDocumentEvent,Y,N,Y,Y,getDocumentKey,long
object,mdxTimePointEsma,XmartMdxTimeSeriesEsmas,XmartMdxTimeSeriesEsma,3,mdxStreamEvent,1,xmartMdxDocumentEvent,Y,,,,getStreamEvent,MdxDocumentEvent
object,mdxTimePointEsma,XmartMdxTimeSeriesEsmas,XmartMdxTimeSeriesEsma,4,timeSeriesEsma,3,mdxStreamEvent,Y,,,,getTimeSeriesEsma,TimeSeriesEsma
attribute,mdxTimePointEsma,XmartMdxTimeSeriesEsmas,XmartMdxTimeSeriesEsma,5,mdxDocumentVersion,4,timeSeriesEsma,Y,Y,Y,N,getMdxDocumentVersion,Integer
attribute,mdxTimePointEsma,XmartMdxTimeSeriesEsmas,XmartMdxTimeSeriesEsma,6,mdxWrittenOnUTC,4,timeSeriesEsma,Y,Y,Y,N,getMdxWrittenOnUTC,Date
attribute,mdxTimePointEsma,XmartMdxTimeSeriesEsmas,XmartMdxTimeSeriesEsma,7,instrumentName,4,timeSeriesEsma,Y,Y,Y,N,getInstrumentName,String
attribute,mdxTimePointEsma,XmartMdxTimeSeriesEsmas,XmartMdxTimeSeriesEsma,8,tradingVenues,4,timeSeriesEsma,N,Y,Y,N,getTradingVenues,String
attribute,mdxTimePointEsma,XmartMdxTimeSeriesEsmas,XmartMdxTimeSeriesEsma,9,issuer,4,timeSeriesEsma,N,Y,Y,N,getIssuer,String
attribute,mdxTimePointEsma,XmartMdxTimeSeriesEsmas,XmartMdxTimeSeriesEsma,10,firstTradeDate,4,timeSeriesEsma,N,Y,Y,N,getFirstTradeDate,String
attribute,mdxTimePointEsma,XmartMdxTimeSeriesEsmas,XmartMdxTimeSeriesEsma,11,value,4,timeSeriesEsma,N,Y,Y,N,getValue,BigDecimal
root,mdxRefReg,XmartMdxRefRegulatories,XmartMdxRefRregulatory,1,xmartMdxDocumentEvent,,,Y,,,,,
attribute,mdxRefReg,XmartMdxRefRegulatories,XmartMdxRefRregulatory,2,documentKey,1,xmartMdxDocumentEvent,Y,N,Y,Y,getDocumentKey,long
object,mdxRefReg,XmartMdxRefRegulatories,XmartMdxRefRregulatory,3,mdxStreamEvent,1,xmartMdxDocumentEvent,Y,,,,getStreamEvent,MdxDocumentEvent
object,mdxRefReg,XmartMdxRefRegulatories,XmartMdxRefRregulatory,4,referenceRegulatory,3,mdxStreamEvent,Y,,,,getReferenceRegulatory,ReferenceRegulatory
attribute,mdxRefReg,XmartMdxRefRegulatories,XmartMdxRefRregulatory,5,iSIN,4,referenceRegulatory,Y,N,Y,Y,getIsin,String
attribute,mdxRefReg,XmartMdxRefRegulatories,XmartMdxRefRregulatory,6,cFI,4,referenceRegulatory,N,N,Y,N,getCfi,String
attribute,mdxRefReg,XmartMdxRefRegulatories,XmartMdxRefRregulatory,7,instrumentLongName,4,referenceRegulatory,N,N,Y,N,getInstrumentLongName,String
attribute,mdxRefReg,XmartMdxRefRegulatories,XmartMdxRefRregulatory,8,isLiquid,4,referenceRegulatory,N,Y,Y,N,getLiquid,Boolean
attribute,mdxRefReg,XmartMdxRefRegulatories,XmartMdxRefRregulatory,9,postTradeSSTI,4,referenceRegulatory,N,Y,Y,N,getPostTradeSstiThreshold,Long
attribute,mdxRefReg,XmartMdxRefRegulatories,XmartMdxRefRregulatory,10,postTradeLis,4,referenceRegulatory,N,Y,Y,N,getPostTradeLisThreshold,Long
attribute,mdxRefReg,XmartMdxRefRegulatories,XmartMdxRefRregulatory,11,preTradeSSTI,4,referenceRegulatory,N,Y,Y,N,getPreTradeSstiThreshold,Long
attribute,mdxRefReg,XmartMdxRefRegulatories,XmartMdxRefRregulatory,12,preTradeLis,4,referenceRegulatory,N,Y,Y,N,getPreTradeLisThreshold,Long
object,mdxRefReg,XmartMdxRefRegulatories,XmartMdxRefRregulatory,13,totvStatus,4,referenceRegulatory,N,N,N,N,getTradedOnTradingVenue,ITotvStatus
attribute,mdxRefReg,XmartMdxRefRegulatories,XmartMdxRefRregulatory,14,isTotv,13,totvStatus,N,Y,Y,N,getIsTotv,Boolean
object,mdxRefReg,XmartMdxRefRegulatories,XmartMdxRefRregulatory,15,totvUnderlyer,4,referenceRegulatory,N,N,N,N,getTradedOnTradingVenueUnderlyer,ITotvStatus
attribute,mdxRefReg,XmartMdxRefRegulatories,XmartMdxRefRregulatory,16,isTotvUnderlyer,15,totvUnderlyer,N,Y,Y,N,getIsTotv,Boolean
