Element Type,SourceObject,Element Collection,Element Group,Element Id,Element Name,Parent Element Id,Parent Element Name,Mandatory Element,Trigger Attribute,Output Attribute,Key Attribute,Method Name,Method Return Type
root,rdxBond,XmartRdxInstruments,XmartRdxInstrument,1,xmartRdxSourceEvent,,,Y,,,,,
attribute,rdxBond,XmartRdxInstruments,XmartRdxInstrument,2,documentKey,1,xmartRdxSourceEvent,Y,N,Y,Y,getDocumentKey,long
attribute,rdxBond,XmartRdxInstruments,XmartRdxInstrument,3,rdxChangeId,1,xmartRdxSourceEvent,Y,N,Y,N,getChangeId,long
object,rdxBond,XmartRdxInstruments,XmartRdxInstrument,4,rdxStreamEvent,1,xmartRdxSourceEvent,Y,,,,getStreamEvent,RDXSourceEvent
attribute,rdxBond,XmartRdxInstruments,XmartRdxInstrument,5,rdxId,4,rdxStreamEvent,Y,Y,Y,N,getRdxId,String
object,rdxBond,XmartRdxInstruments,XmartRdxInstrument,6,rdxFixedIncome,4,rdxStreamEvent,Y,,,,getRdxFixedIncome,RdxFixedIncome
attribute,rdxBond,XmartRdxInstruments,XmartRdxInstrument,7,rdxSeriesId,6,rdxFixedIncome,N,Y,Y,N,getRdxSeriesId,String
attribute,rdxBond,XmartRdxInstruments,XmartRdxInstrument,8,status,6,rdxFixedIncome,N,Y,Y,N,getStatus,String
attribute,rdxBond,XmartRdxInstruments,XmartRdxInstrument,9,rdxVersion,6,rdxFixedIncome,N,Y,Y,N,getVersion,Integer
attribute,rdxBond,XmartRdxInstruments,XmartRdxInstrument,10,rdxValuationDate,6,rdxFixedIncome,N,Y,Y,N,getValuationDate,String
object,rdxBond,XmartRdxInstruments,XmartRdxInstrument,11,facets,6,rdxFixedIncome,N,,,,getFacets,Facets
collection,rdxBond,XmartRdxInstruments,XmartRdxInstrument,12,analytics,11,facets,N,,,,getAnalytics,List
attribute,rdxBond,XmartRdxInstruments,XmartRdxInstrument,13,analyticsOutstandingAmount,12,analytics,N,Y,Y,N,getOutstandingAmount,Double
collection,rdxBond,XmartRdxInstruments,XmartRdxInstrument,14,assetBackedSecurity,11,facets,N,,,,getAssetBackedSecurity,List
attribute,rdxBond,XmartRdxInstruments,XmartRdxInstrument,15,assetBackedSecurityAssetPoolGroup,14,assetBackedSecurity,N,Y,Y,N,getAssetPoolGroup,String
attribute,rdxBond,XmartRdxInstruments,XmartRdxInstrument,16,assetBackedSecurityAssetPoolSeries,14,assetBackedSecurity,N,Y,Y,N,getAssetPoolSeries,String
attribute,rdxBond,XmartRdxInstruments,XmartRdxInstrument,17,assetBackedSecurityTrancheTypeDescription,14,assetBackedSecurity,N,Y,Y,N,getTrancheTypeDescription,String
attribute,rdxBond,XmartRdxInstruments,XmartRdxInstrument,18,assetBackedSecurityWeightedAverageCoupon,14,assetBackedSecurity,N,Y,Y,N,getWeightedAverageCoupon,Double
attribute,rdxBond,XmartRdxInstruments,XmartRdxInstrument,19,assetBackedSecurityMortgageDealName,14,assetBackedSecurity,N,Y,Y,N,getMortgageDealName,String
collection,rdxBond,XmartRdxInstruments,XmartRdxInstrument,20,bond,11,facets,N,,,,getBond,List
attribute,rdxBond,XmartRdxInstruments,XmartRdxInstrument,21,bondCFICode,20,bond,N,Y,Y,N,getCFICode,String
attribute,rdxBond,XmartRdxInstruments,XmartRdxInstrument,22,bondCreditLinkedIndicator,20,bond,N,Y,Y,N,getCreditLinkedIndicator,Boolean
attribute,rdxBond,XmartRdxInstruments,XmartRdxInstrument,23,bondFinalMaturity,20,bond,N,Y,Y,N,getFinalMaturity,String
attribute,rdxBond,XmartRdxInstruments,XmartRdxInstrument,24,bondIsBrady,20,bond,N,Y,Y,N,getIsBrady,Boolean
attribute,rdxBond,XmartRdxInstruments,XmartRdxInstrument,25,bondIsCallable,20,bond,N,Y,Y,N,getIsCallable,Boolean
attribute,rdxBond,XmartRdxInstruments,XmartRdxInstrument,26,bondIsConvertible,20,bond,N,Y,Y,N,getIsConvertible,Boolean
attribute,rdxBond,XmartRdxInstruments,XmartRdxInstrument,27,bondIsCovered,20,bond,N,Y,Y,N,getIsCovered,Boolean
attribute,rdxBond,XmartRdxInstruments,XmartRdxInstrument,28,bondIsSinkable,20,bond,N,Y,Y,N,getIsSinkable,Boolean
attribute,rdxBond,XmartRdxInstruments,XmartRdxInstrument,29,bondIsSubordinated,20,bond,N,Y,Y,N,getIsSubordinated,Boolean
attribute,rdxBond,XmartRdxInstruments,XmartRdxInstrument,30,bondIsZeroCoupon,20,bond,N,Y,Y,N,getIsZeroCoupon,Boolean
attribute,rdxBond,XmartRdxInstruments,XmartRdxInstrument,31,bondNextCallDate,20,bond,N,Y,Y,N,getNextCallDate,String
attribute,rdxBond,XmartRdxInstruments,XmartRdxInstrument,32,bondPrepaymentType,20,bond,N,Y,Y,N,getPrepaymentType,String
attribute,rdxBond,XmartRdxInstruments,XmartRdxInstrument,33,bondSeriesOfBond,20,bond,N,Y,Y,N,getSeriesOfBond,String
attribute,rdxBond,XmartRdxInstruments,XmartRdxInstrument,34,bondResetFrequency,20,bond,N,Y,Y,N,getResetFrequency,String
collection,rdxBond,XmartRdxInstruments,XmartRdxInstrument,35,debt,11,facets,N,,,,getDebt,List
attribute,rdxBond,XmartRdxInstruments,XmartRdxInstrument,36,debtCollateralType,35,debt,N,Y,Y,N,getCollateralType,String
attribute,rdxBond,XmartRdxInstruments,XmartRdxInstrument,37,debtParAmount,35,debt,N,Y,Y,N,getParAmount,Double
attribute,rdxBond,XmartRdxInstruments,XmartRdxInstrument,38,debtTotalIssue,35,debt,N,Y,Y,N,getTotalIssue,Double
collection,rdxBond,XmartRdxInstruments,XmartRdxInstrument,39,instrumentIssuance,11,facets,N,,,,getInstrumentIssuance,List
attribute,rdxBond,XmartRdxInstruments,XmartRdxInstrument,40,instrumentIssuanceIssuePrice,39,instrumentIssuance,N,Y,Y,N,getIssuePrice,Double
attribute,rdxBond,XmartRdxInstruments,XmartRdxInstrument,41,instrumentIssuanceAnnouncementDate,39,instrumentIssuance,N,Y,Y,N,getAnnouncementDate,String
attribute,rdxBond,XmartRdxInstruments,XmartRdxInstrument,42,instrumentIssuanceCurrency,39,instrumentIssuance,N,Y,Y,N,getCurrency,String
attribute,rdxBond,XmartRdxInstruments,XmartRdxInstrument,43,instrumentIssuanceIssueDate,39,instrumentIssuance,N,Y,Y,N,getIssueDate,String
collection,rdxBond,XmartRdxInstruments,XmartRdxInstrument,44,instrument,11,facets,N,,,,getInstrument,List
attribute,rdxBond,XmartRdxInstruments,XmartRdxInstrument,45,instrumentCountryOfIssueScheme ,44,instrument,N,Y,Y,N,getCountryOfIssueScheme,String
attribute,rdxBond,XmartRdxInstruments,XmartRdxInstrument,46,instrumentAssetClass,44,instrument,N,Y,Y,N,getAssetClass,String
attribute,rdxBond,XmartRdxInstruments,XmartRdxInstrument,47,instrumentAssetClassSubType,44,instrument,N,Y,Y,N,getAssetClassSubType,String
attribute,rdxBond,XmartRdxInstruments,XmartRdxInstrument,48,instrumentCountryOfDomicile,44,instrument,N,Y,Y,N,getCountryOfDomicile,String
attribute,rdxBond,XmartRdxInstruments,XmartRdxInstrument,49,instrumentCountryOfIssue ,44,instrument,N,Y,Y,N,getCountryOfIssue,String
attribute,rdxBond,XmartRdxInstruments,XmartRdxInstrument,50,instrumentCountryOfRisk,44,instrument,N,Y,Y,N,getCountryOfRisk,String
attribute,rdxBond,XmartRdxInstruments,XmartRdxInstrument,51,instrumentDayCountDescription ,44,instrument,N,Y,Y,N,getDayCountDescription,String
attribute,rdxBond,XmartRdxInstruments,XmartRdxInstrument,52,instrumentInstrumentLongName,44,instrument,N,Y,Y,N,getInstrumentLongName,String
attribute,rdxBond,XmartRdxInstruments,XmartRdxInstrument,53,instrumentInstrumentName,44,instrument,N,Y,Y,N,getInstrumentName,String
attribute,rdxBond,XmartRdxInstruments,XmartRdxInstrument,54,instrumentInstrumentShortName,44,instrument,N,Y,Y,N,getInstrumentShortName,String
attribute,rdxBond,XmartRdxInstruments,XmartRdxInstrument,55,instrumentIsPerpetual,44,instrument,N,Y,Y,N,getIsPerpetual,Boolean
attribute,rdxBond,XmartRdxInstruments,XmartRdxInstrument,56,instrumentMaturityDate,44,instrument,N,Y,Y,N,getMaturityDate,String
attribute,rdxBond,XmartRdxInstruments,XmartRdxInstrument,57,instrumentMinimumLot,44,instrument,N,Y,Y,N,getMinimumLot,Double
attribute,rdxBond,XmartRdxInstruments,XmartRdxInstrument,58,instrumentStrikePrice,44,instrument,N,Y,Y,N,getStrikePrice,Double
collection,rdxBond,XmartRdxInstruments,XmartRdxInstrument,59,instrumentClassification,11,facets,N,,,,getInstrumentClassification,List
attribute,rdxBond,XmartRdxInstruments,XmartRdxInstrument,60,instrumentClassificationBdlIndustryGroup,59,instrumentClassification,N,Y,Y,N,getBdlIndustryGroup,String
attribute,rdxBond,XmartRdxInstruments,XmartRdxInstrument,61,instrumentClassificationBdlIndustrySector,59,instrumentClassification,N,Y,Y,N,getBdlIndustrySector,String
attribute,rdxBond,XmartRdxInstruments,XmartRdxInstrument,62,instrumentClassificationBdlIssuerIndustry,59,instrumentClassification,N,Y,Y,N,getBdlIssuerIndustry,String
attribute,rdxBond,XmartRdxInstruments,XmartRdxInstrument,63,instrumentClassificationBdlMarketSector,59,instrumentClassification,N,Y,Y,N,getBdlMarketSector,String
attribute,rdxBond,XmartRdxInstruments,XmartRdxInstrument,64,instrumentClassificationBdlSecurityType,59,instrumentClassification,N,Y,Y,N,getBdlSecurityType,String
attribute,rdxBond,XmartRdxInstruments,XmartRdxInstrument,65,instrumentClassificationBdlSecurityType2,59,instrumentClassification,N,Y,Y,N,getBdlSecurityType2,Object
attribute,rdxBond,XmartRdxInstruments,XmartRdxInstrument,66,instrumentClassificationCouponType,59,instrumentClassification,N,Y,Y,N,getCouponType,String
attribute,rdxBond,XmartRdxInstruments,XmartRdxInstrument,67,instrumentClassificationBdlIndustrySubGroup,59,instrumentClassification,N,Y,Y,N,getBdlIndustrySubGroup,String
attribute,rdxBond,XmartRdxInstruments,XmartRdxInstrument,68,instrumentClassificationIssuerType,59,instrumentClassification,N,Y,Y,N,getIssuerType,String
attribute,rdxBond,XmartRdxInstruments,XmartRdxInstrument,69,instrumentClassificationBdlCouponType,59,instrumentClassification,N,Y,Y,N,getBdlCouponType,String
attribute,rdxBond,XmartRdxInstruments,XmartRdxInstrument,70,instrumentClassificationUnderlyingAssetSubType,59,instrumentClassification,N,Y,Y,N,getUnderlyingAssetSubType,String
collection,rdxBond,XmartRdxInstruments,XmartRdxInstrument,71,interest,11,facets,N,,,,getInterest,List
attribute,rdxBond,XmartRdxInstruments,XmartRdxInstrument,72,interestCalculationType,71,interest,N,Y,Y,N,getCalculationType,String
attribute,rdxBond,XmartRdxInstruments,XmartRdxInstrument,73,interestCouponRate,71,interest,N,Y,Y,N,getCouponRate,Double
attribute,rdxBond,XmartRdxInstruments,XmartRdxInstrument,74,interestInterestSpread,71,interest,N,Y,Y,N,getInterestSpread,Double
attribute,rdxBond,XmartRdxInstruments,XmartRdxInstrument,75,interestResetIndex,71,interest,N,Y,Y,N,getResetIndex,String
attribute,rdxBond,XmartRdxInstruments,XmartRdxInstrument,76,interestCouponFrequency,71,interest,N,Y,Y,N,getCouponFrequency,String
object,rdxBond,XmartRdxInstruments,XmartRdxInstrument,77,rdxType,6,rdxFixedIncome,N,,,,getRdxType,RdxType
attribute,rdxBond,XmartRdxInstruments,XmartRdxInstrument,78,entityType,77,rdxType,N,N,N,N,getEntityType,String
attribute,rdxBond,XmartRdxInstruments,XmartRdxInstrument,79,entitySubtype,77,rdxType,N,N,N,N,getEntitySubtype,String
root,rdxBond,XmartRdxInstrumentAliases,XmartRdxInstrumentAlias,1,xmartRdxSourceEvent,,,Y,,,,,
attribute,rdxBond,XmartRdxInstrumentAliases,XmartRdxInstrumentAlias,2,documentKey,1,xmartRdxSourceEvent,Y,N,Y,Y,getDocumentKey,long
attribute,rdxBond,XmartRdxInstrumentAliases,XmartRdxInstrumentAlias,3,rdxChangeId,1,xmartRdxSourceEvent,Y,N,Y,N,getChangeId,long
object,rdxBond,XmartRdxInstrumentAliases,XmartRdxInstrumentAlias,4,rdxStreamEvent,1,xmartRdxSourceEvent,Y,,,,getStreamEvent,RDXSourceEvent
attribute,rdxBond,XmartRdxInstrumentAliases,XmartRdxInstrumentAlias,5,rdxId,4,rdxStreamEvent,Y,N,Y,N,getRdxId,String
object,rdxBond,XmartRdxInstrumentAliases,XmartRdxInstrumentAlias,6,rdxFixedIncome,4,rdxStreamEvent,Y,,,,getRdxFixedIncome,RdxFixedIncome
attribute,rdxBond,XmartRdxInstrumentAliases,XmartRdxInstrumentAlias,7,rdxSeriesId,6,rdxFixedIncome,N,N,Y,N,getRdxSeriesId,String
object,rdxBond,XmartRdxInstrumentAliases,XmartRdxInstrumentAlias,8,facets,6,rdxFixedIncome,N,,,,getFacets,Facets
collection,rdxBond,XmartRdxInstrumentAliases,XmartRdxInstrumentAlias,9,alias,8,facets,N,,,,getAlias,List
attribute,rdxBond,XmartRdxInstrumentAliases,XmartRdxInstrumentAlias,10,aliasType,9,alias,N,Y,Y,N,getAliasType,String
attribute,rdxBond,XmartRdxInstrumentAliases,XmartRdxInstrumentAlias,11,aliasValue,9,alias,N,Y,Y,N,getAliasValue,String
root,rdxBond,XmartRdxInstrumentParties,XmartRdxInstrumentParty,1,xmartRdxSourceEvent,,,Y,,,,,
attribute,rdxBond,XmartRdxInstrumentParties,XmartRdxInstrumentParty,2,documentKey,1,xmartRdxSourceEvent,Y,N,Y,Y,getDocumentKey,long
attribute,rdxBond,XmartRdxInstrumentParties,XmartRdxInstrumentParty,3,rdxChangeId,1,xmartRdxSourceEvent,Y,N,Y,N,getChangeId,long
object,rdxBond,XmartRdxInstrumentParties,XmartRdxInstrumentParty,4,rdxStreamEvent,1,xmartRdxSourceEvent,Y,,,,getStreamEvent,RDXSourceEvent
attribute,rdxBond,XmartRdxInstrumentParties,XmartRdxInstrumentParty,5,rdxId,4,rdxStreamEvent,Y,N,Y,N,getRdxId,String
object,rdxBond,XmartRdxInstrumentParties,XmartRdxInstrumentParty,6,rdxFixedIncome,4,rdxStreamEvent,Y,,,,getRdxFixedIncome,RdxFixedIncome
attribute,rdxBond,XmartRdxInstrumentParties,XmartRdxInstrumentParty,7,rdxSeriesId,6,rdxFixedIncome,N,N,Y,N,getRdxSeriesId,String
object,rdxBond,XmartRdxInstrumentParties,XmartRdxInstrumentParty,8,facets,6,rdxFixedIncome,N,,,,getFacets,Facets
collection,rdxBond,XmartRdxInstrumentParties,XmartRdxInstrumentParty,9,instrumentParty,8,facets,N,,,,getInstrumentParty,List
attribute,rdxBond,XmartRdxInstrumentParties,XmartRdxInstrumentParty,10,countryOfIncorporationId,9,instrumentParty,N,Y,Y,N,getCountryOfIncorporationId,String
attribute,rdxBond,XmartRdxInstrumentParties,XmartRdxInstrumentParty,11,countryOfIncorporationName,9,instrumentParty,N,Y,Y,N,getCountryOfIncorporationName,String
attribute,rdxBond,XmartRdxInstrumentParties,XmartRdxInstrumentParty,12,countryOfRiskName,9,instrumentParty,N,Y,Y,N,getCountryOfRiskName,String
attribute,rdxBond,XmartRdxInstrumentParties,XmartRdxInstrumentParty,13,partyNameVendor,9,instrumentParty,N,Y,Y,N,getPartyNameVendor,String
attribute,rdxBond,XmartRdxInstrumentParties,XmartRdxInstrumentParty,14,partyName,9,instrumentParty,N,Y,Y,N,getPartyName,String
attribute,rdxBond,XmartRdxInstrumentParties,XmartRdxInstrumentParty,15,partyRoleType,9,instrumentParty,N,Y,Y,N,getPartyRoleType,String
attribute,rdxBond,XmartRdxInstrumentParties,XmartRdxInstrumentParty,16,partyCode,9,instrumentParty,N,Y,Y,N,getPartyCode,String
root,rdxBond,XmartRdxInstrumentMortgageFactorHistories,XmartRdxInstrumentMortgageFactorHistory ,1,xmartRdxSourceEvent,,,Y,,,,,
attribute,rdxBond,XmartRdxInstrumentMortgageFactorHistories,XmartRdxInstrumentMortgageFactorHistory ,2,documentKey,1,xmartRdxSourceEvent,Y,N,Y,Y,getDocumentKey,long
attribute,rdxBond,XmartRdxInstrumentMortgageFactorHistories,XmartRdxInstrumentMortgageFactorHistory ,3,rdxChangeId,1,xmartRdxSourceEvent,Y,N,Y,N,getChangeId,long
object,rdxBond,XmartRdxInstrumentMortgageFactorHistories,XmartRdxInstrumentMortgageFactorHistory ,4,rdxStreamEvent,1,xmartRdxSourceEvent,Y,,,,getStreamEvent,RDXSourceEvent
attribute,rdxBond,XmartRdxInstrumentMortgageFactorHistories,XmartRdxInstrumentMortgageFactorHistory ,5,rdxId,4,rdxStreamEvent,Y,N,Y,N,getRdxId,String
object,rdxBond,XmartRdxInstrumentMortgageFactorHistories,XmartRdxInstrumentMortgageFactorHistory ,6,rdxFixedIncome,4,rdxStreamEvent,Y,,,,getRdxFixedIncome,RdxFixedIncome
attribute,rdxBond,XmartRdxInstrumentMortgageFactorHistories,XmartRdxInstrumentMortgageFactorHistory ,7,rdxSeriesId,6,rdxFixedIncome,N,N,Y,N,getRdxSeriesId,String
object,rdxBond,XmartRdxInstrumentMortgageFactorHistories,XmartRdxInstrumentMortgageFactorHistory ,8,facets,6,rdxFixedIncome,N,,,,getFacets,Facets
collection,rdxBond,XmartRdxInstrumentMortgageFactorHistories,XmartRdxInstrumentMortgageFactorHistory ,9,mortgageFactorHistory,8,facets,N,,,,getMortgageFactorHistory,List
attribute,rdxBond,XmartRdxInstrumentMortgageFactorHistories,XmartRdxInstrumentMortgageFactorHistory ,10,eventType,9,mortgageFactorHistory,N,Y,Y,N,getEventType,String
attribute,rdxBond,XmartRdxInstrumentMortgageFactorHistories,XmartRdxInstrumentMortgageFactorHistory ,11,eventDate,9,mortgageFactorHistory,N,Y,Y,N,getEventDate,String
attribute,rdxBond,XmartRdxInstrumentMortgageFactorHistories,XmartRdxInstrumentMortgageFactorHistory ,12,eventProvider,9,mortgageFactorHistory,N,Y,Y,N,getEventProvider,String
attribute,rdxBond,XmartRdxInstrumentMortgageFactorHistories,XmartRdxInstrumentMortgageFactorHistory ,13,eventPercentage,9,mortgageFactorHistory,N,Y,Y,N,getEventPercentage,Double
root,rdxBond,XmartRdxInstrumentRatings,XmartRdxInstrumentRating ,1,xmartRdxSourceEvent,,,Y,,,,,
attribute,rdxBond,XmartRdxInstrumentRatings,XmartRdxInstrumentRating ,2,documentKey,1,xmartRdxSourceEvent,Y,N,Y,Y,getDocumentKey,long
attribute,rdxBond,XmartRdxInstrumentRatings,XmartRdxInstrumentRating ,3,rdxChangeId,1,xmartRdxSourceEvent,Y,N,Y,N,getChangeId,long
object,rdxBond,XmartRdxInstrumentRatings,XmartRdxInstrumentRating ,4,rdxStreamEvent,1,xmartRdxSourceEvent,Y,,,,getStreamEvent,RDXSourceEvent
attribute,rdxBond,XmartRdxInstrumentRatings,XmartRdxInstrumentRating ,5,rdxId,4,rdxStreamEvent,Y,N,Y,N,getRdxId,String
object,rdxBond,XmartRdxInstrumentRatings,XmartRdxInstrumentRating ,6,rdxFixedIncome,4,rdxStreamEvent,Y,,,,getRdxFixedIncome,RdxFixedIncome
attribute,rdxBond,XmartRdxInstrumentRatings,XmartRdxInstrumentRating ,7,rdxSeriesId,6,rdxFixedIncome,N,N,Y,N,getRdxSeriesId,String
object,rdxBond,XmartRdxInstrumentRatings,XmartRdxInstrumentRating ,8,facets,6,rdxFixedIncome,N,,,,getFacets,Facets
collection,rdxBond,XmartRdxInstrumentRatings,XmartRdxInstrumentRating ,9,ratings,8,facets,N,,,,getRatings,List
attribute,rdxBond,XmartRdxInstrumentRatings,XmartRdxInstrumentRating ,10,ratingAgency,9,ratings,N,Y,Y,N,getRatingAgency,String
attribute,rdxBond,XmartRdxInstrumentRatings,XmartRdxInstrumentRating ,11,ratingType,9,ratings,N,Y,Y,N,getRatingType,String
attribute,rdxBond,XmartRdxInstrumentRatings,XmartRdxInstrumentRating ,12,ratingValue,9,ratings,N,Y,Y,N,getRatingValue,String
attribute,rdxBond,XmartRdxInstrumentRatings,XmartRdxInstrumentRating ,13,ratingEffectiveDate,9,ratings,N,Y,Y,N,getRatingEffectiveDate,String
root,rdxBond,XmartRdxInstrumentUnderwriters,XmartRdxInstrumentUnderwriter,1,xmartRdxSourceEvent,,,Y,,,,,
attribute,rdxBond,XmartRdxInstrumentUnderwriters,XmartRdxInstrumentUnderwriter,2,documentKey,1,xmartRdxSourceEvent,Y,N,Y,Y,getDocumentKey,long
attribute,rdxBond,XmartRdxInstrumentUnderwriters,XmartRdxInstrumentUnderwriter,3,rdxChangeId,1,xmartRdxSourceEvent,Y,N,Y,N,getChangeId,long
object,rdxBond,XmartRdxInstrumentUnderwriters,XmartRdxInstrumentUnderwriter,4,rdxStreamEvent,1,xmartRdxSourceEvent,Y,,,,getStreamEvent,RDXSourceEvent
attribute,rdxBond,XmartRdxInstrumentUnderwriters,XmartRdxInstrumentUnderwriter,5,rdxId,4,rdxStreamEvent,Y,N,Y,N,getRdxId,String
object,rdxBond,XmartRdxInstrumentUnderwriters,XmartRdxInstrumentUnderwriter,6,rdxFixedIncome,4,rdxStreamEvent,Y,,,,getRdxFixedIncome,RdxFixedIncome
attribute,rdxBond,XmartRdxInstrumentUnderwriters,XmartRdxInstrumentUnderwriter,7,rdxSeriesId,6,rdxFixedIncome,N,N,Y,N,getRdxSeriesId,String
object,rdxBond,XmartRdxInstrumentUnderwriters,XmartRdxInstrumentUnderwriter,8,facets,6,rdxFixedIncome,N,,,,getFacets,Facets
collection,rdxBond,XmartRdxInstrumentUnderwriters,XmartRdxInstrumentUnderwriter,9,underwriter,8,facets,N,,,,getUnderwriter,List
attribute,rdxBond,XmartRdxInstrumentUnderwriters,XmartRdxInstrumentUnderwriter,10,underwriterRoleCode,9,underwriter,N,Y,Y,N,getUnderwriterRoleCode,String
attribute,rdxBond,XmartRdxInstrumentUnderwriters,XmartRdxInstrumentUnderwriter,11,underwriterShortName,9,underwriter,N,Y,Y,N,getUnderwriterShortName,String
attribute,rdxBond,XmartRdxInstrumentUnderwriters,XmartRdxInstrumentUnderwriter,12,underwriterRoleName,9,underwriter,N,Y,Y,N,getUnderwriterRoleName,String
attribute,rdxBond,XmartRdxInstrumentUnderwriters,XmartRdxInstrumentUnderwriter,13,underwriterName,9,underwriter,N,Y,Y,N,getUnderwriterName,String
root,rdxBond,XmartRdxInstrumentSanctions,XmartRdxInstrumentSanction,1,xmartRdxSourceEvent,,,Y,,,,,
attribute,rdxBond,XmartRdxInstrumentSanctions,XmartRdxInstrumentSanction,2,documentKey,1,xmartRdxSourceEvent,Y,N,Y,Y,getDocumentKey,long
attribute,rdxBond,XmartRdxInstrumentSanctions,XmartRdxInstrumentSanction,3,rdxChangeId,1,xmartRdxSourceEvent,Y,N,Y,N,getChangeId,long
object,rdxBond,XmartRdxInstrumentSanctions,XmartRdxInstrumentSanction,4,rdxStreamEvent,1,xmartRdxSourceEvent,Y,,,,getStreamEvent,RDXSourceEvent
attribute,rdxBond,XmartRdxInstrumentSanctions,XmartRdxInstrumentSanction,5,rdxId,4,rdxStreamEvent,Y,N,Y,N,getRdxId,String
object,rdxBond,XmartRdxInstrumentSanctions,XmartRdxInstrumentSanction,6,rdxFixedIncome,4,rdxStreamEvent,Y,,,,getRdxFixedIncome,RdxFixedIncome
attribute,rdxBond,XmartRdxInstrumentSanctions,XmartRdxInstrumentSanction,7,rdxSeriesId,6,rdxFixedIncome,N,N,Y,N,getRdxSeriesId,String
object,rdxBond,XmartRdxInstrumentSanctions,XmartRdxInstrumentSanction,8,facets,6,rdxFixedIncome,N,,,,getFacets,Facets
collection,rdxBond,XmartRdxInstrumentSanctions,XmartRdxInstrumentSanction,9,sanctions,8,facets,N,,,,getSanctions,List
attribute,rdxBond,XmartRdxInstrumentSanctions,XmartRdxInstrumentSanction,10,isCanadaSanctioned,9,sanctions,N,Y,Y,N,getIsCanadaSanctioned,String
attribute,rdxBond,XmartRdxInstrumentSanctions,XmartRdxInstrumentSanction,11,isEUSanctioned,9,sanctions,N,Y,Y,N,getIsEUSanctioned,String
attribute,rdxBond,XmartRdxInstrumentSanctions,XmartRdxInstrumentSanction,12,isHongKongSanctioned,9,sanctions,N,Y,Y,N,getIsHongKongSanctioned,String
attribute,rdxBond,XmartRdxInstrumentSanctions,XmartRdxInstrumentSanction,13,isJapanSanctioned,9,sanctions,N,Y,Y,N,getIsJapanSanctioned,String
attribute,rdxBond,XmartRdxInstrumentSanctions,XmartRdxInstrumentSanction,14,isOFACSanctioned,9,sanctions,N,Y,Y,N,getIsOFACSanctioned,String
attribute,rdxBond,XmartRdxInstrumentSanctions,XmartRdxInstrumentSanction,15,isSanctioned,9,sanctions,N,Y,Y,N,getIsSanctioned,String
attribute,rdxBond,XmartRdxInstrumentSanctions,XmartRdxInstrumentSanction,16,isSingaporeSanctioned,9,sanctions,N,Y,Y,N,getIsSingaporeSanctioned,String
attribute,rdxBond,XmartRdxInstrumentSanctions,XmartRdxInstrumentSanction,17,isUKSanctioned,9,sanctions,N,Y,Y,N,getIsUKSanctioned,String
attribute,rdxBond,XmartRdxInstrumentSanctions,XmartRdxInstrumentSanction,18,isUNSanctioned,9,sanctions,N,Y,Y,N,getIsUNSanctioned,String
