Element Type,SourceObject,Element Collection,Element Group,Element Id,Element Name,Parent Element Id,Parent Element Name,Mandatory Element,Trigger Attribute,Output Attribute,Key Attribute,Method Name,Method Return Type,Parameter1
root,cashflow-vat-status,XmartTdxCashflowStatuses,XmartTdxCashflowStatus,1,xmartTdxSourceEvent,,,Y,N,N,N,,,
attribute,cashflow-vat-status,XmartTdxCashflowStatuses,XmartTdxCashflowStatus,2,documentKey,1,xmartTdxSourceEvent,Y,Y,Y,Y,getDocumentKey,long,
object,cashflow-vat-status,XmartTdxCashflowStatuses,XmartTdxCashflowStatus,3,tdxSourceEvent,1,xmartTdxSourceEvent,Y,N,N,N,getStreamEvent,TDXSourceEvent,
object,cashflow-vat-status,XmartTdxCashflowStatuses,XmartTdxCashflowStatus,4,json,3,tdxSourceEvent,Y,N,N,N,getJsonDocumentTraverser,JSONDocumentTraverser,
object,cashflow-vat-status,XmartTdxCashflowStatuses,XmartTdxCashflowStatus,5,json/notificationHeader,4,json,Y,N,N,N,getNodeAt,JSONDocumentTraverser,/notificationHeader
attribute,cashflow-vat-status,XmartTdxCashflowStatuses,XmartTdxCashflowStatus,6,publishingSystem,5,json/notificationHeader,N,Y,Y,N,getNodeStringValueAt,String,/publishingSystem
attribute,cashflow-vat-status,XmartTdxCashflowStatuses,XmartTdxCashflowStatus,7,notificationId,5,json/notificationHeader,N,Y,Y,N,getNodeStringValueAt,String,/notificationId
object,cashflow-vat-status,XmartTdxCashflowStatuses,XmartTdxCashflowStatus,8,json/notificationHeader/businessDate,5,json/notificationHeader,N,N,N,N,getNodeAt,JSONDocumentTraverser,/businessDate
attribute,cashflow-vat-status,XmartTdxCashflowStatuses,XmartTdxCashflowStatus,9,date,8,json/notificationHeader/businessDate,N,Y,Y,N,getNodeStringValueAt,String,/date
attribute,cashflow-vat-status,XmartTdxCashflowStatuses,XmartTdxCashflowStatus,10,createdDateTime,5,json/notificationHeader,N,Y,Y,N,getNodeStringValueAt,String,/createdDateTime
object,cashflow-vat-status,XmartTdxCashflowStatuses,XmartTdxCashflowStatus,11,json/subjectIdentifier,4,json,N,N,N,N,getNodeAt,JSONDocumentTraverser,/subjectIdentifier
object,cashflow-vat-status,XmartTdxCashflowStatuses,XmartTdxCashflowStatus,12,json/subjectIdentifier/documentVersionedTransactionIdentifier,11,json/subjectIdentifier,N,N,N,N,getNodeAt,JSONDocumentTraverser,/documentVersionedTransactionIdentifier
object,cashflow-vat-status,XmartTdxCashflowStatuses,XmartTdxCashflowStatus,13,json/subjectIdentifier/documentVersionedTransactionIdentifier/transactionIdentifier,12,json/subjectIdentifier/documentVersionedTransactionIdentifier,N,N,N,N,getNodeAt,JSONDocumentTraverser,/transactionIdentifier
attribute,cashflow-vat-status,XmartTdxCashflowStatuses,XmartTdxCashflowStatus,14,sourceSystemIdentifier,13,json/subjectIdentifier/documentVersionedTransactionIdentifier/transactionIdentifier,N,Y,Y,N,getNodeStringValueAt,String,/sourceSystemIdentifier
attribute,cashflow-vat-status,XmartTdxCashflowStatuses,XmartTdxCashflowStatus,15,sourceSystemTransactionIdentifier,13,json/subjectIdentifier/documentVersionedTransactionIdentifier/transactionIdentifier,N,Y,Y,N,getNodeStringValueAt,String,/sourceSystemTransactionIdentifier
object,cashflow-vat-status,XmartTdxCashflowStatuses,XmartTdxCashflowStatus,16,json/subjectIdentifier/documentVersionedTransactionIdentifier/documentVersion,12,json/subjectIdentifier/documentVersionedTransactionIdentifier,N,N,N,N,getNodeAt,JSONDocumentTraverser,/documentVersion
attribute,cashflow-vat-status,XmartTdxCashflowStatuses,XmartTdxCashflowStatus,17,version,16,json/subjectIdentifier/documentVersionedTransactionIdentifier/documentVersion,N,Y,Y,N,getNodeIntegerValueAt,Integer,/value
attribute,cashflow-vat-status,XmartTdxCashflowStatuses,XmartTdxCashflowStatus,18,cashflowFieldPath,11,json/subjectIdentifier,Y,N,Y,N,getNodeStringValueAt,String,/cashflowFieldPath
attribute_rule,cashflow-vat-status,XmartTdxCashflowStatuses,XmartTdxCashflowStatus,19,cashflowReference,18,cashflowFieldPath,N,N,N,N,getStringAfterLastForwardSlash,String,
object,cashflow-vat-status,XmartTdxCashflowStatuses,XmartTdxCashflowStatus,20,json/eventOccurrence,4,json,N,N,N,N,getNodeAt,JSONDocumentTraverser,/eventOccurrence
object,cashflow-vat-status,XmartTdxCashflowStatuses,XmartTdxCashflowStatus,21,json/eventOccurrence/occurrenceIdentifier,20,json/eventOccurrence,N,N,N,N,getNodeAt,JSONDocumentTraverser,/occurrenceIdentifier
attribute,cashflow-vat-status,XmartTdxCashflowStatuses,XmartTdxCashflowStatus,22,eventOccurrenceSourceSystemIdentifier,21,json/eventOccurrence/occurrenceIdentifier,N,Y,Y,N,getNodeStringValueAt,String,/sourceSystemIdentifier
attribute,cashflow-vat-status,XmartTdxCashflowStatuses,XmartTdxCashflowStatus,23,sourceSystemEventOccurrenceIdentifier,21,json/eventOccurrence/occurrenceIdentifier,N,Y,Y,N,getNodeStringValueAt,String,/sourceSystemEventOccurrenceIdentifier
object,cashflow-vat-status,XmartTdxCashflowStatuses,XmartTdxCashflowStatus,24,json/eventOccurrence/occurrenceDetail,20,json/eventOccurrence,N,N,N,N,getNodeAt,JSONDocumentTraverser,/occurrenceDetail
attribute,cashflow-vat-status,XmartTdxCashflowStatuses,XmartTdxCashflowStatus,25,eventOccurrenceDateTime,24,json/eventOccurrence/occurrenceDetail,N,Y,Y,N,getNodeStringValueAt,String,/occurrenceDateTime
object,cashflow-vat-status,XmartTdxCashflowStatuses,XmartTdxCashflowStatus,26,json/eventOccurrence/occurrenceDetail/event,24,json/eventOccurrence/occurrenceDetail,N,N,N,N,getNodeAt,JSONDocumentTraverser,/event
attribute,cashflow-vat-status,XmartTdxCashflowStatuses,XmartTdxCashflowStatus,27,vatTreatmentStatus,26,json/eventOccurrence/occurrenceDetail/event,N,Y,Y,N,getNodeStringValueAt,String,/vATTreatmentStatus
attribute,cashflow-vat-status,XmartTdxCashflowStatuses,XmartTdxCashflowStatus,28,dfFrom,1,xmartTdxSourceEvent,N,Y,Y,N,getDfFrom,String,
attribute,cashflow-vat-status,XmartTdxCashflowStatuses,XmartTdxCashflowStatus,29,dfTo,1,xmartTdxSourceEvent,N,Y,Y,N,getDfTo,String,
attribute,cashflow-vat-status,XmartTdxCashflowStatuses,XmartTdxCashflowStatus,30,dfVersion,1,xmartTdxSourceEvent,N,Y,Y,N,getDfVersion,Integer,