<!-- ~ Licensed to the Apache Software Foundation (ASF) under one ~ or more contributor license agreements. 
  See the NOTICE file ~ distributed with this work for additional information ~ regarding copyright 
  ownership. The ASF licenses this file ~ to you under the Apache License, Version 2.0 (the ~ "License"); 
  you may not use this file except in compliance ~ with the License. You may obtain a copy of the License 
  at ~ ~ http://www.apache.org/licenses/LICENSE-2.0 ~ ~ Unless required by applicable law or agreed 
  to in writing, software ~ distributed under the License is distributed on an "AS IS" BASIS, ~ WITHOUT 
  WARRANTIES OR CONDITIONS OF ANY KIND, either express or implied. ~ See the License for the specific 
  language governing permissions and ~ limitations under the License. -->

<configuration>

  <property name="FLINK_LOG_DIR" value="/opt/app/datafabric/dev/pkgs/flink/var/log" />

  <appender name="STDOUT" class="ch.qos.logback.core.ConsoleAppender">
    <encoder>
      <!-- pattern>%d{yyyy-MM-dd HH:mm:ss.SSS} [%thread] %-5le %lo{60} %X{sourceThread} - %m%n</pattern -->
      <pattern>%d{yyyy-MM-dd HH:mm:ss.SSS} [%thread] %-5le %lo{60} - %X{logJob} %m%n</pattern>
    </encoder>
  </appender>


  <!--Time and size based rolling File appender -->
  <!--This can be copied and appender and file name changed to create multiple appenders for use with 
    different loggers -->
  <appender name="ROLL_FILE" class="ch.qos.logback.core.rolling.RollingFileAppender">
    <file>${FLINK_LOG_DIR}/rolling.log</file>
    <append>true</append>
    <rollingPolicy class="ch.qos.logback.core.rolling.SizeAndTimeBasedRollingPolicy">
      <!--Optionally the file can be compressed by specifying .zip or .gz here -->
      <!-- rollover daily (%d). | -->
      <fileNamePattern>${FLINK_LOG_DIR}/rolling.log-%d{yyyy-MM-dd}.%i.zip</fileNamePattern>
      <!-- Rollover when log file reaches 20 MB -->
      <maxFileSize>20MB</maxFileSize>
      <!-- keep 60 days (since daily rollover) worth of history -->
      <maxHistory>60</maxHistory>
      <!--, but at most 20GB -->
      <totalSizeCap>20GB</totalSizeCap>
    </rollingPolicy>
    <encoder>
      <pattern>%d{yyyy-MM-dd HH:mm:ss.SSS} [%thread] %-5level %logger{60} - %msg%n
      </pattern>
    </encoder>
  </appender>

  <appender name="SIFT" class="ch.qos.logback.classic.sift.SiftingAppender">
    <!-- in the absence of the class attribute, it is assumed that the desired discriminator type is 
      ch.qos.logback.classic.sift.MDCBasedDiscriminator -->
    <discriminator>
      <key>jobName</key>
      <defaultValue>JOB_NAME_UNKNOWN</defaultValue>
    </discriminator>
    <sift>
      <!-- <appender name="FILE-${logJob}" class="ch.qos.logback.core.FileAppender"> <file>log/${jobName}.log</file> 
        <append>true</append> <layout class="ch.qos.logback.classic.PatternLayout"> <pattern>%d [%thread] 
        %le %mdc %lo{35} - %msg%n</pattern> </layout> </appender> -->

      <appender name="FILE-${logJob}" class="ch.qos.logback.core.rolling.RollingFileAppender">
        <file>${FLINK_LOG_DIR}/${jobName}.log</file>
        <append>true</append>
        <rollingPolicy class="ch.qos.logback.core.rolling.SizeAndTimeBasedRollingPolicy">
          <fileNamePattern>${FLINK_LOG_DIR}/${jobName}.rollLog-%d{yyyy-MM-dd}.%i.zip</fileNamePattern>
          <maxFileSize>20MB</maxFileSize>
          <maxHistory>60</maxHistory>
          <totalSizeCap>20GB</totalSizeCap>
        </rollingPolicy>
        <encoder>
          <pattern>%d{yyyy-MM-dd HH:mm:ss.SSS} [%thread] %-5le %lo{60} - %msg%n </pattern>
        </encoder>
      </appender>
    </sift>
  </appender>

  <!-- This affects logging for both user code and Flink -->
  <root level="WARN">
    <appender-ref ref="ROLL_FILE" />
  </root>

  <!-- Uncomment this if you want to only change Flink's logging -->
  <!--<logger name="org.apache.flink" level="WARN"> -->
  <!--<appender-ref ref="STDOUT"/> -->
  <!--</logger> -->

  <!-- The following lines keep the log level of common libraries/connectors on log level INFO. The 
    root logger does not override this. You have to manually change the log levels here. -->
  <logger name="akka" level="WARN" additivity="false">
    <appender-ref ref="ROLL_FILE" />
  </logger>
  <logger name="org.apache.kafka" level="WARN" additivity="false">
    <appender-ref ref="ROLL_FILE" />
  </logger>
  <logger name="org.apache.hadoop" level="WARN" additivity="false">
    <appender-ref ref="ROLL_FILE" />
  </logger>
  <logger name="org.apache.zookeeper" level="WARN" additivity="false">
    <appender-ref ref="ROLL_FILE" />
  </logger>
  <logger name="org.apache.flink" level="WARN" additivity="false">
    <appender-ref ref="ROLL_FILE" />
  </logger>
  <logger name="com.rbs.datafabric" level="WARN" additivity="false">
    <appender-ref ref="ROLL_FILE" />
  </logger>

  <logger name="com.nwm.xmart.streaming" level="WARN" additivity="false">
    <appender-ref ref="SIFT" />
  </logger>

  <logger name="com.rbs.datafabric.flink" level="WARN" additivity="false">
    <appender-ref ref="SIFT" />
  </logger>

  <logger name="com.nwm.xmart" level="WARN" additivity="false">
    <appender-ref ref="SIFT" />
  </logger>

  <logger name="com.nwm.xmart.database" level="WARN" additivity="false">
    <appender-ref ref="SIFT" />
  </logger>
  
  <logger name="com.nwm.xmart.mapper" level="WARN" additivity="false">
    <appender-ref ref="SIFT" />
  </logger>
  
  <!-- Suppress the irrelevant (wrong) warnings from the Netty channel handler -->
  <logger name="org.jboss.netty.channel.DefaultChannelPipeline" level="ERROR">
    <appender-ref ref="ROLL_FILE" />
  </logger>
</configuration>
