<ArgonSettings>

    <!-- These settings are used typically when a filewall is in use -->
    <FtpClient>
        <!-- Define IP to be used by the Argon file server for passive connection -->
        <!-- NOTE: For NATed addresses this will be different from the default IP! -->
        <ClientIPAddress>DELMW54289.fm.rbsgrp.net</ClientIPAddress>
        <!-- Range of ports to be used by the Argon file server for passive connection -->
        <ServerPortRange>
            <low>59100</low>
            <high>59199</high>
        </ServerPortRange>
        <EnableFileSSL>false</EnableFileSSL>
    </FtpClient>
    <EnableFileSSL>false</EnableFileSSL>
</ArgonSettings>



