<ArgonSettings>

    <MessageSet>
        <TempFile retain="true" directory="d:/temp"/>
    </MessageSet>


    <MessageValidator>
        <ArgonVC280Validator>
            <Library>c:\program files\argon6\dll\ArgonVC280Validator.dll</Library>
            <ParserLibrary>c:\program files\argon6\dll\xerces-c_2_8_0.dll</ParserLibrary>
        </ArgonVC280Validator>
    </MessageValidator>


    <MessageFilter class="C110Transformer"/>

    <MessageTransformer class="C110Transformer">
        <C110Transformer>
            <wrapperLibrary>c:\program files\argon6\dll\Argon110Transformer.dll</wrapperLibrary>
            <Library>c:\program files\argon6\dll\Xalan_1_10.dll</Library>
        </C110Transformer>
    </MessageTransformer>


    <!-- These settings are used typically when a filewall is in use -->
    <FtpClient>

        <!-- Define IP to be used by the Argon file server for passive connection -->
        <!-- NOTE: For NATed addresses this will be different from the default IP! -->
        <ClientIPAddress>23.8.224.120</ClientIPAddress>

        <!-- Range of ports to be used by the Argon file server for passive connection -->
        <ServerPortRange>
            <low>3000</low>
            <high>3099</high>
        </ServerPortRange>

    </FtpClient>

    <management>
        <port>
            <low>49152</low>
            <high>65435</high>
        </port>
    </management>


    <encodingschema>UTF-16</encodingschema>

    <!-- Fix the JMX port to an port opened in a filewall, if one is in use -->
    <management htmladapterport=”3100” />

    <!-- Encryption settings -->
    <encryption>

        <!-- Encryption algorithm details -->
        <symmetric>
        <algorithm></algorithm>
        <provider></provider>
        <keysize></keysize>
        <symmetric>

        <asymmetric>
        <algorithm></algorithm>
        <provider></provider>
        <asymmetric>

        <!-- Keystore details -->
        <keystore>
            <type>JKS</type>
            <location>C:\program files\argon\mykeystore.jks</location>
            <secure_password>XXXXXXXXXXXXXXXXX</secure_password>
        </keystore>

        <!-- Details of the key to use for deciphering messages -->
        <key>
            <secure_password>XXXXXXXXXXXXXXXXX</secure_password>

            <alias1>
                <client_node_address>ln:dev:system:source</client_node_address>
                <name>sourcealiasname</name>
                <secure_password>XXXXXXXXXXXXXXXXX</secure_password>
            </alias1>

            <alias2>
                <client_node_address>ln:dev:system:sink</client_node_address>
                <name>sinkaliasname</name>
            </alias2>

            <alias3>
                <client_node_address>ln:dev:system:othersink</client_node_address>
                <name>othersinkaliasname</name>
            </alias3>
        </key>

        <!-- XPATH mask to encrypt credit card details -->
        <mask>
            //credit_card | //debit_card
        </mask>

        <type1>
            <message_type>e_fx</message_type>
            <mask>//notes/*</mask>
            <sink>ln:dev:system:targetsink</sink>
        </type1>

        <type2>
            <message_type>e_fxswap</message_type>
            <enable_validation>false</enable_validation>
        </type2>

    </encryption>

    <AsyncThreadpool>
        <SenderBatchNowSize>30</SenderBatchNowSize>
        <SenderAckSize>20</SenderAckSize>
    </AsyncThreadpool>

</ArgonSettings>
