<?xml version="1.0" encoding="UTF-8"?>

<argon_connection_details env="pre" use_local_config="false">
  <authentication_servers>
    <server host="argonpre.fm.rbsgrp.net" name="authentication server" port="8230" url="/bootstrap/xml"/>    
  </authentication_servers>
  <bootstrap_detail location="ln">
    <connection_properties>
      <property name="autoCommit" value="false"/>      
    </connection_properties>
    <datasource_properties>
      <property name="secureUser" value="argon_user1"/>      
      <property name="overallTimeout" value="300000"/>      
      <property name="abortConnectTimeout" value="120000"/>      
      <property name="securePassword" value="UATXB-SNKTBGBXSSWDX-RAG-NNSK"/>      
    </datasource_properties>
    <primary_oracle_addresses>
      <oracle_address address="lonuc30702.fm.rbsgrp.net,1800,ARGON_OWNER1,UOLNEMS2,off,off"/>      
      <oracle_address address="lonuc30702.fm.rbsgrp.net,1800,ARGON_OWNER1,UOLNEMS2,off,off"/>      
    </primary_oracle_addresses>
    <contingency_oracle_addresses/>    
  </bootstrap_detail>
</argon_connection_details>
